solid 
 facet normal  9.999059e-01  1.371831e-02  0.000000e+00
   outer loop
     vertex  1.999247e+01  5.486810e-01  2.000000e+02
     vertex  2.000000e+01 -4.898587e-15  2.000000e+02
     vertex  2.000000e+01 -4.898587e-15  0.000000e+00
   endloop
 endfacet
 facet normal  9.999059e-01  1.371831e-02  0.000000e+00
   outer loop
     vertex  1.999247e+01  5.486810e-01  2.000000e+02
     vertex  2.000000e+01 -4.898587e-15  0.000000e+00
     vertex  1.999247e+01  5.486810e-01  0.000000e+00
   endloop
 endfacet
 facet normal  9.991532e-01  4.114462e-02  0.000000e+00
   outer loop
     vertex  1.996989e+01  1.096949e+00  2.000000e+02
     vertex  1.999247e+01  5.486810e-01  0.000000e+00
     vertex  1.996989e+01  1.096949e+00  0.000000e+00
   endloop
 endfacet
 facet normal  9.991532e-01  4.114462e-02  0.000000e+00
   outer loop
     vertex  1.996989e+01  1.096949e+00  2.000000e+02
     vertex  1.999247e+01  5.486810e-01  2.000000e+02
     vertex  1.999247e+01  5.486810e-01  0.000000e+00
   endloop
 endfacet
 facet normal  9.976484e-01  6.853995e-02  0.000000e+00
   outer loop
     vertex  1.993228e+01  1.644391e+00  2.000000e+02
     vertex  1.996989e+01  1.096949e+00  0.000000e+00
     vertex  1.993228e+01  1.644391e+00  0.000000e+00
   endloop
 endfacet
 facet normal  9.953925e-01  9.588368e-02  0.000000e+00
   outer loop
     vertex  1.993228e+01  1.644391e+00  2.000000e+02
     vertex  1.993228e+01  1.644391e+00  0.000000e+00
     vertex  1.987967e+01  2.190595e+00  0.000000e+00
   endloop
 endfacet
 facet normal  9.976484e-01  6.853995e-02  0.000000e+00
   outer loop
     vertex  1.993228e+01  1.644391e+00  2.000000e+02
     vertex  1.996989e+01  1.096949e+00  2.000000e+02
     vertex  1.996989e+01  1.096949e+00  0.000000e+00
   endloop
 endfacet
 facet normal  9.953925e-01  9.588368e-02  0.000000e+00
   outer loop
     vertex  1.987967e+01  2.190595e+00  2.000000e+02
     vertex  1.993228e+01  1.644391e+00  2.000000e+02
     vertex  1.987967e+01  2.190595e+00  0.000000e+00
   endloop
 endfacet
 facet normal  9.923874e-01  1.231552e-01  0.000000e+00
   outer loop
     vertex  1.981209e+01  2.735151e+00  2.000000e+02
     vertex  1.987967e+01  2.190595e+00  0.000000e+00
     vertex  1.981209e+01  2.735151e+00  0.000000e+00
   endloop
 endfacet
 facet normal  9.923874e-01  1.231552e-01  0.000000e+00
   outer loop
     vertex  1.981209e+01  2.735151e+00  2.000000e+02
     vertex  1.987967e+01  2.190595e+00  2.000000e+02
     vertex  1.987967e+01  2.190595e+00  0.000000e+00
   endloop
 endfacet
 facet normal  9.886353e-01  1.503341e-01  0.000000e+00
   outer loop
     vertex  1.972960e+01  3.277647e+00  2.000000e+02
     vertex  1.981209e+01  2.735151e+00  0.000000e+00
     vertex  1.972960e+01  3.277647e+00  0.000000e+00
   endloop
 endfacet
 facet normal  9.886353e-01  1.503341e-01  0.000000e+00
   outer loop
     vertex  1.972960e+01  3.277647e+00  2.000000e+02
     vertex  1.981209e+01  2.735151e+00  2.000000e+02
     vertex  1.981209e+01  2.735151e+00  0.000000e+00
   endloop
 endfacet
 facet normal  9.841389e-01  1.773998e-01  0.000000e+00
   outer loop
     vertex  1.963225e+01  3.817676e+00  2.000000e+02
     vertex  1.972960e+01  3.277647e+00  0.000000e+00
     vertex  1.963225e+01  3.817676e+00  0.000000e+00
   endloop
 endfacet
 facet normal  9.789017e-01  2.043319e-01  0.000000e+00
   outer loop
     vertex  1.963225e+01  3.817676e+00  2.000000e+02
     vertex  1.963225e+01  3.817676e+00  0.000000e+00
     vertex  1.952013e+01  4.354831e+00  0.000000e+00
   endloop
 endfacet
 facet normal  9.841389e-01  1.773998e-01  0.000000e+00
   outer loop
     vertex  1.963225e+01  3.817676e+00  2.000000e+02
     vertex  1.972960e+01  3.277647e+00  2.000000e+02
     vertex  1.972960e+01  3.277647e+00  0.000000e+00
   endloop
 endfacet
 facet normal  9.789017e-01  2.043319e-01  0.000000e+00
   outer loop
     vertex  1.952013e+01  4.354831e+00  2.000000e+02
     vertex  1.963225e+01  3.817676e+00  2.000000e+02
     vertex  1.952013e+01  4.354831e+00  0.000000e+00
   endloop
 endfacet
 facet normal  9.729276e-01  2.311102e-01  0.000000e+00
   outer loop
     vertex  1.939331e+01  4.888709e+00  2.000000e+02
     vertex  1.952013e+01  4.354831e+00  0.000000e+00
     vertex  1.939331e+01  4.888709e+00  0.000000e+00
   endloop
 endfacet
 facet normal  9.662211e-01  2.577146e-01  0.000000e+00
   outer loop
     vertex  1.939331e+01  4.888709e+00  2.000000e+02
     vertex  1.939331e+01  4.888709e+00  0.000000e+00
     vertex  1.925190e+01  5.418906e+00  0.000000e+00
   endloop
 endfacet
 facet normal  9.729276e-01  2.311102e-01  0.000000e+00
   outer loop
     vertex  1.939331e+01  4.888709e+00  2.000000e+02
     vertex  1.952013e+01  4.354831e+00  2.000000e+02
     vertex  1.952013e+01  4.354831e+00  0.000000e+00
   endloop
 endfacet
 facet normal  9.662211e-01  2.577146e-01  0.000000e+00
   outer loop
     vertex  1.925190e+01  5.418906e+00  2.000000e+02
     vertex  1.939331e+01  4.888709e+00  2.000000e+02
     vertex  1.925190e+01  5.418906e+00  0.000000e+00
   endloop
 endfacet
 facet normal  9.587873e-01  2.841250e-01  0.000000e+00
   outer loop
     vertex  1.925190e+01  5.418906e+00  2.000000e+02
     vertex  1.925190e+01  5.418906e+00  0.000000e+00
     vertex  1.909599e+01  5.945023e+00  0.000000e+00
   endloop
 endfacet
 facet normal  9.587873e-01  2.841250e-01  0.000000e+00
   outer loop
     vertex  1.909599e+01  5.945023e+00  2.000000e+02
     vertex  1.925190e+01  5.418906e+00  2.000000e+02
     vertex  1.909599e+01  5.945023e+00  0.000000e+00
   endloop
 endfacet
 facet normal  9.506317e-01  3.103214e-01  0.000000e+00
   outer loop
     vertex  1.892570e+01  6.466666e+00  2.000000e+02
     vertex  1.909599e+01  5.945023e+00  2.000000e+02
     vertex  1.909599e+01  5.945023e+00  0.000000e+00
   endloop
 endfacet
 facet normal  9.506317e-01  3.103214e-01  0.000000e+00
   outer loop
     vertex  1.892570e+01  6.466666e+00  2.000000e+02
     vertex  1.909599e+01  5.945023e+00  0.000000e+00
     vertex  1.892570e+01  6.466666e+00  0.000000e+00
   endloop
 endfacet
 facet normal  9.417605e-01  3.362843e-01  0.000000e+00
   outer loop
     vertex  1.892570e+01  6.466666e+00  2.000000e+02
     vertex  1.892570e+01  6.466666e+00  0.000000e+00
     vertex  1.874117e+01  6.983441e+00  0.000000e+00
   endloop
 endfacet
 facet normal  9.417605e-01  3.362843e-01  0.000000e+00
   outer loop
     vertex  1.874117e+01  6.983441e+00  2.000000e+02
     vertex  1.892570e+01  6.466666e+00  2.000000e+02
     vertex  1.874117e+01  6.983441e+00  0.000000e+00
   endloop
 endfacet
 facet normal  9.321804e-01  3.619940e-01  0.000000e+00
   outer loop
     vertex  1.854253e+01  7.494958e+00  2.000000e+02
     vertex  1.874117e+01  6.983441e+00  2.000000e+02
     vertex  1.874117e+01  6.983441e+00  0.000000e+00
   endloop
 endfacet
 facet normal  9.321804e-01  3.619940e-01  0.000000e+00
   outer loop
     vertex  1.854253e+01  7.494958e+00  2.000000e+02
     vertex  1.874117e+01  6.983441e+00  0.000000e+00
     vertex  1.854253e+01  7.494958e+00  0.000000e+00
   endloop
 endfacet
 facet normal  9.218986e-01  3.874313e-01  0.000000e+00
   outer loop
     vertex  1.854253e+01  7.494958e+00  2.000000e+02
     vertex  1.854253e+01  7.494958e+00  0.000000e+00
     vertex  1.832994e+01  8.000834e+00  0.000000e+00
   endloop
 endfacet
 facet normal  9.218986e-01  3.874313e-01  0.000000e+00
   outer loop
     vertex  1.832994e+01  8.000834e+00  2.000000e+02
     vertex  1.854253e+01  7.494958e+00  2.000000e+02
     vertex  1.832994e+01  8.000834e+00  0.000000e+00
   endloop
 endfacet
 facet normal  9.109228e-01  4.125769e-01  0.000000e+00
   outer loop
     vertex  1.810354e+01  8.500687e+00  2.000000e+02
     vertex  1.832994e+01  8.000834e+00  2.000000e+02
     vertex  1.832994e+01  8.000834e+00  0.000000e+00
   endloop
 endfacet
 facet normal  9.109228e-01  4.125769e-01  0.000000e+00
   outer loop
     vertex  1.810354e+01  8.500687e+00  2.000000e+02
     vertex  1.832994e+01  8.000834e+00  0.000000e+00
     vertex  1.810354e+01  8.500687e+00  0.000000e+00
   endloop
 endfacet
 facet normal  8.992613e-01  4.374119e-01  0.000000e+00
   outer loop
     vertex  1.810354e+01  8.500687e+00  2.000000e+02
     vertex  1.810354e+01  8.500687e+00  0.000000e+00
     vertex  1.786352e+01  8.994141e+00  0.000000e+00
   endloop
 endfacet
 facet normal  8.992613e-01  4.374119e-01  0.000000e+00
   outer loop
     vertex  1.786352e+01  8.994141e+00  2.000000e+02
     vertex  1.810354e+01  8.500687e+00  2.000000e+02
     vertex  1.786352e+01  8.994141e+00  0.000000e+00
   endloop
 endfacet
 facet normal  8.869228e-01  4.619176e-01  0.000000e+00
   outer loop
     vertex  1.761005e+01  9.480825e+00  2.000000e+02
     vertex  1.786352e+01  8.994141e+00  2.000000e+02
     vertex  1.786352e+01  8.994141e+00  0.000000e+00
   endloop
 endfacet
 facet normal  8.869228e-01  4.619176e-01  0.000000e+00
   outer loop
     vertex  1.761005e+01  9.480825e+00  2.000000e+02
     vertex  1.786352e+01  8.994141e+00  0.000000e+00
     vertex  1.761005e+01  9.480825e+00  0.000000e+00
   endloop
 endfacet
 facet normal  8.739167e-01  4.860756e-01  0.000000e+00
   outer loop
     vertex  1.761005e+01  9.480825e+00  2.000000e+02
     vertex  1.761005e+01  9.480825e+00  0.000000e+00
     vertex  1.734333e+01  9.960371e+00  0.000000e+00
   endloop
 endfacet
 facet normal  8.739167e-01  4.860756e-01  0.000000e+00
   outer loop
     vertex  1.734333e+01  9.960371e+00  2.000000e+02
     vertex  1.761005e+01  9.480825e+00  2.000000e+02
     vertex  1.734333e+01  9.960371e+00  0.000000e+00
   endloop
 endfacet
 facet normal  8.602528e-01  5.098678e-01  0.000000e+00
   outer loop
     vertex  1.706355e+01  1.043242e+01  2.000000e+02
     vertex  1.734333e+01  9.960371e+00  2.000000e+02
     vertex  1.734333e+01  9.960371e+00  0.000000e+00
   endloop
 endfacet
 facet normal  8.602528e-01  5.098678e-01  0.000000e+00
   outer loop
     vertex  1.706355e+01  1.043242e+01  2.000000e+02
     vertex  1.734333e+01  9.960371e+00  0.000000e+00
     vertex  1.706355e+01  1.043242e+01  0.000000e+00
   endloop
 endfacet
 facet normal  8.459413e-01  5.332761e-01  0.000000e+00
   outer loop
     vertex  1.677092e+01  1.089662e+01  2.000000e+02
     vertex  1.706355e+01  1.043242e+01  2.000000e+02
     vertex  1.706355e+01  1.043242e+01  0.000000e+00
   endloop
 endfacet
 facet normal  8.459413e-01  5.332761e-01  0.000000e+00
   outer loop
     vertex  1.677092e+01  1.089662e+01  2.000000e+02
     vertex  1.706355e+01  1.043242e+01  0.000000e+00
     vertex  1.677092e+01  1.089662e+01  0.000000e+00
   endloop
 endfacet
 facet normal  8.309929e-01  5.562829e-01  0.000000e+00
   outer loop
     vertex  1.646567e+01  1.135261e+01  2.000000e+02
     vertex  1.677092e+01  1.089662e+01  0.000000e+00
     vertex  1.646567e+01  1.135261e+01  0.000000e+00
   endloop
 endfacet
 facet normal  8.309929e-01  5.562829e-01  0.000000e+00
   outer loop
     vertex  1.646567e+01  1.135261e+01  2.000000e+02
     vertex  1.677092e+01  1.089662e+01  2.000000e+02
     vertex  1.677092e+01  1.089662e+01  0.000000e+00
   endloop
 endfacet
 facet normal  8.154191e-01  5.788711e-01  0.000000e+00
   outer loop
     vertex  1.614802e+01  1.180006e+01  2.000000e+02
     vertex  1.646567e+01  1.135261e+01  0.000000e+00
     vertex  1.614802e+01  1.180006e+01  0.000000e+00
   endloop
 endfacet
 facet normal  8.154191e-01  5.788711e-01  0.000000e+00
   outer loop
     vertex  1.614802e+01  1.180006e+01  2.000000e+02
     vertex  1.646567e+01  1.135261e+01  2.000000e+02
     vertex  1.646567e+01  1.135261e+01  0.000000e+00
   endloop
 endfacet
 facet normal  7.992314e-01  6.010234e-01  0.000000e+00
   outer loop
     vertex  1.581822e+01  1.223862e+01  2.000000e+02
     vertex  1.614802e+01  1.180006e+01  0.000000e+00
     vertex  1.581822e+01  1.223862e+01  0.000000e+00
   endloop
 endfacet
 facet normal  7.992314e-01  6.010234e-01  0.000000e+00
   outer loop
     vertex  1.581822e+01  1.223862e+01  2.000000e+02
     vertex  1.614802e+01  1.180006e+01  2.000000e+02
     vertex  1.614802e+01  1.180006e+01  0.000000e+00
   endloop
 endfacet
 facet normal  7.824421e-01  6.227234e-01  0.000000e+00
   outer loop
     vertex  1.547651e+01  1.266797e+01  2.000000e+02
     vertex  1.581822e+01  1.223862e+01  0.000000e+00
     vertex  1.547651e+01  1.266797e+01  0.000000e+00
   endloop
 endfacet
 facet normal  7.824421e-01  6.227234e-01  0.000000e+00
   outer loop
     vertex  1.547651e+01  1.266797e+01  2.000000e+02
     vertex  1.581822e+01  1.223862e+01  2.000000e+02
     vertex  1.581822e+01  1.223862e+01  0.000000e+00
   endloop
 endfacet
 facet normal  7.650637e-01  6.439545e-01  0.000000e+00
   outer loop
     vertex  1.512316e+01  1.308779e+01  2.000000e+02
     vertex  1.547651e+01  1.266797e+01  0.000000e+00
     vertex  1.512316e+01  1.308779e+01  0.000000e+00
   endloop
 endfacet
 facet normal  7.650637e-01  6.439545e-01  0.000000e+00
   outer loop
     vertex  1.512316e+01  1.308779e+01  2.000000e+02
     vertex  1.547651e+01  1.266797e+01  2.000000e+02
     vertex  1.547651e+01  1.266797e+01  0.000000e+00
   endloop
 endfacet
 facet normal  7.471095e-01  6.647010e-01  0.000000e+00
   outer loop
     vertex  1.475841e+01  1.349775e+01  2.000000e+02
     vertex  1.512316e+01  1.308779e+01  0.000000e+00
     vertex  1.475841e+01  1.349775e+01  0.000000e+00
   endloop
 endfacet
 facet normal  7.471095e-01  6.647010e-01  0.000000e+00
   outer loop
     vertex  1.475841e+01  1.349775e+01  2.000000e+02
     vertex  1.512316e+01  1.308779e+01  2.000000e+02
     vertex  1.512316e+01  1.308779e+01  0.000000e+00
   endloop
 endfacet
 facet normal  7.285929e-01  6.849470e-01  0.000000e+00
   outer loop
     vertex  1.438256e+01  1.389755e+01  2.000000e+02
     vertex  1.475841e+01  1.349775e+01  0.000000e+00
     vertex  1.438256e+01  1.389755e+01  0.000000e+00
   endloop
 endfacet
 facet normal  7.095278e-01  7.046775e-01  0.000000e+00
   outer loop
     vertex  1.438256e+01  1.389755e+01  2.000000e+02
     vertex  1.438256e+01  1.389755e+01  0.000000e+00
     vertex  1.399588e+01  1.428689e+01  0.000000e+00
   endloop
 endfacet
 facet normal  7.285929e-01  6.849470e-01  0.000000e+00
   outer loop
     vertex  1.438256e+01  1.389755e+01  2.000000e+02
     vertex  1.475841e+01  1.349775e+01  2.000000e+02
     vertex  1.475841e+01  1.349775e+01  0.000000e+00
   endloop
 endfacet
 facet normal  7.095278e-01  7.046775e-01  0.000000e+00
   outer loop
     vertex  1.399588e+01  1.428689e+01  2.000000e+02
     vertex  1.438256e+01  1.389755e+01  2.000000e+02
     vertex  1.399588e+01  1.428689e+01  0.000000e+00
   endloop
 endfacet
 facet normal  6.899286e-01  7.238775e-01  0.000000e+00
   outer loop
     vertex  1.359867e+01  1.466548e+01  2.000000e+02
     vertex  1.399588e+01  1.428689e+01  0.000000e+00
     vertex  1.359867e+01  1.466548e+01  0.000000e+00
   endloop
 endfacet
 facet normal  6.899286e-01  7.238775e-01  0.000000e+00
   outer loop
     vertex  1.359867e+01  1.466548e+01  2.000000e+02
     vertex  1.399588e+01  1.428689e+01  2.000000e+02
     vertex  1.399588e+01  1.428689e+01  0.000000e+00
   endloop
 endfacet
 facet normal  6.698100e-01  7.425325e-01  0.000000e+00
   outer loop
     vertex  1.319121e+01  1.503303e+01  2.000000e+02
     vertex  1.359867e+01  1.466548e+01  0.000000e+00
     vertex  1.319121e+01  1.503303e+01  0.000000e+00
   endloop
 endfacet
 facet normal  6.698100e-01  7.425325e-01  0.000000e+00
   outer loop
     vertex  1.319121e+01  1.503303e+01  2.000000e+02
     vertex  1.359867e+01  1.466548e+01  2.000000e+02
     vertex  1.359867e+01  1.466548e+01  0.000000e+00
   endloop
 endfacet
 facet normal  6.491872e-01  7.606287e-01  0.000000e+00
   outer loop
     vertex  1.277383e+01  1.538926e+01  2.000000e+02
     vertex  1.319121e+01  1.503303e+01  0.000000e+00
     vertex  1.277383e+01  1.538926e+01  0.000000e+00
   endloop
 endfacet
 facet normal  6.491872e-01  7.606287e-01  0.000000e+00
   outer loop
     vertex  1.277383e+01  1.538926e+01  2.000000e+02
     vertex  1.319121e+01  1.503303e+01  2.000000e+02
     vertex  1.319121e+01  1.503303e+01  0.000000e+00
   endloop
 endfacet
 facet normal  6.280757e-01  7.781522e-01  0.000000e+00
   outer loop
     vertex  1.234683e+01  1.573390e+01  2.000000e+02
     vertex  1.277383e+01  1.538926e+01  0.000000e+00
     vertex  1.234683e+01  1.573390e+01  0.000000e+00
   endloop
 endfacet
 facet normal  6.280757e-01  7.781522e-01  0.000000e+00
   outer loop
     vertex  1.234683e+01  1.573390e+01  2.000000e+02
     vertex  1.277383e+01  1.538926e+01  2.000000e+02
     vertex  1.277383e+01  1.538926e+01  0.000000e+00
   endloop
 endfacet
 facet normal  6.064915e-01  7.950900e-01  0.000000e+00
   outer loop
     vertex  1.191054e+01  1.606670e+01  2.000000e+02
     vertex  1.234683e+01  1.573390e+01  0.000000e+00
     vertex  1.191054e+01  1.606670e+01  0.000000e+00
   endloop
 endfacet
 facet normal  6.064915e-01  7.950900e-01  0.000000e+00
   outer loop
     vertex  1.191054e+01  1.606670e+01  2.000000e+02
     vertex  1.234683e+01  1.573390e+01  2.000000e+02
     vertex  1.234683e+01  1.573390e+01  0.000000e+00
   endloop
 endfacet
 facet normal  5.844507e-01  8.114292e-01  0.000000e+00
   outer loop
     vertex  1.146528e+01  1.638741e+01  2.000000e+02
     vertex  1.191054e+01  1.606670e+01  0.000000e+00
     vertex  1.146528e+01  1.638741e+01  0.000000e+00
   endloop
 endfacet
 facet normal  5.619699e-01  8.271577e-01  0.000000e+00
   outer loop
     vertex  1.146528e+01  1.638741e+01  2.000000e+02
     vertex  1.146528e+01  1.638741e+01  0.000000e+00
     vertex  1.101140e+01  1.669578e+01  0.000000e+00
   endloop
 endfacet
 facet normal  5.844507e-01  8.114292e-01  0.000000e+00
   outer loop
     vertex  1.146528e+01  1.638741e+01  2.000000e+02
     vertex  1.191054e+01  1.606670e+01  2.000000e+02
     vertex  1.191054e+01  1.606670e+01  0.000000e+00
   endloop
 endfacet
 facet normal  5.619699e-01  8.271577e-01  0.000000e+00
   outer loop
     vertex  1.101140e+01  1.669578e+01  2.000000e+02
     vertex  1.146528e+01  1.638741e+01  2.000000e+02
     vertex  1.101140e+01  1.669578e+01  0.000000e+00
   endloop
 endfacet
 facet normal  5.390661e-01  8.422635e-01  0.000000e+00
   outer loop
     vertex  1.054922e+01  1.699159e+01  2.000000e+02
     vertex  1.101140e+01  1.669578e+01  2.000000e+02
     vertex  1.101140e+01  1.669578e+01  0.000000e+00
   endloop
 endfacet
 facet normal  5.390661e-01  8.422635e-01  0.000000e+00
   outer loop
     vertex  1.054922e+01  1.699159e+01  2.000000e+02
     vertex  1.101140e+01  1.669578e+01  0.000000e+00
     vertex  1.054922e+01  1.699159e+01  0.000000e+00
   endloop
 endfacet
 facet normal  5.157565e-01  8.567352e-01  0.000000e+00
   outer loop
     vertex  1.007910e+01  1.727460e+01  2.000000e+02
     vertex  1.054922e+01  1.699159e+01  2.000000e+02
     vertex  1.054922e+01  1.699159e+01  0.000000e+00
   endloop
 endfacet
 facet normal  5.157565e-01  8.567352e-01  0.000000e+00
   outer loop
     vertex  1.007910e+01  1.727460e+01  2.000000e+02
     vertex  1.054922e+01  1.699159e+01  0.000000e+00
     vertex  1.007910e+01  1.727460e+01  0.000000e+00
   endloop
 endfacet
 facet normal  4.920587e-01  8.705620e-01  0.000000e+00
   outer loop
     vertex  1.007910e+01  1.727460e+01  2.000000e+02
     vertex  1.007910e+01  1.727460e+01  0.000000e+00
     vertex  9.601395e+00  1.754461e+01  0.000000e+00
   endloop
 endfacet
 facet normal  4.920587e-01  8.705620e-01  0.000000e+00
   outer loop
     vertex  9.601395e+00  1.754461e+01  2.000000e+02
     vertex  1.007910e+01  1.727460e+01  2.000000e+02
     vertex  9.601395e+00  1.754461e+01  0.000000e+00
   endloop
 endfacet
 facet normal  4.679904e-01  8.837335e-01  0.000000e+00
   outer loop
     vertex  9.116461e+00  1.780141e+01  2.000000e+02
     vertex  9.601395e+00  1.754461e+01  2.000000e+02
     vertex  9.601395e+00  1.754461e+01  0.000000e+00
   endloop
 endfacet
 facet normal  4.679904e-01  8.837335e-01  0.000000e+00
   outer loop
     vertex  9.116461e+00  1.780141e+01  2.000000e+02
     vertex  9.601395e+00  1.754461e+01  0.000000e+00
     vertex  9.116461e+00  1.780141e+01  0.000000e+00
   endloop
 endfacet
 facet normal  4.435699e-01  8.962398e-01  0.000000e+00
   outer loop
     vertex  8.624665e+00  1.804481e+01  2.000000e+02
     vertex  9.116461e+00  1.780141e+01  2.000000e+02
     vertex  9.116461e+00  1.780141e+01  0.000000e+00
   endloop
 endfacet
 facet normal  4.435699e-01  8.962398e-01  0.000000e+00
   outer loop
     vertex  8.624665e+00  1.804481e+01  2.000000e+02
     vertex  9.116461e+00  1.780141e+01  0.000000e+00
     vertex  8.624665e+00  1.804481e+01  0.000000e+00
   endloop
 endfacet
 facet normal  4.188155e-01  9.080714e-01  0.000000e+00
   outer loop
     vertex  8.126377e+00  1.827463e+01  2.000000e+02
     vertex  8.624665e+00  1.804481e+01  2.000000e+02
     vertex  8.624665e+00  1.804481e+01  0.000000e+00
   endloop
 endfacet
 facet normal  4.188155e-01  9.080714e-01  0.000000e+00
   outer loop
     vertex  8.126377e+00  1.827463e+01  2.000000e+02
     vertex  8.624665e+00  1.804481e+01  0.000000e+00
     vertex  8.126377e+00  1.827463e+01  0.000000e+00
   endloop
 endfacet
 facet normal  3.937458e-01  9.192194e-01  0.000000e+00
   outer loop
     vertex  8.126377e+00  1.827463e+01  2.000000e+02
     vertex  8.126377e+00  1.827463e+01  0.000000e+00
     vertex  7.621971e+00  1.849069e+01  0.000000e+00
   endloop
 endfacet
 facet normal  3.937458e-01  9.192194e-01  0.000000e+00
   outer loop
     vertex  7.621971e+00  1.849069e+01  2.000000e+02
     vertex  8.126377e+00  1.827463e+01  2.000000e+02
     vertex  7.621971e+00  1.849069e+01  0.000000e+00
   endloop
 endfacet
 facet normal  3.683796e-01  9.296754e-01  0.000000e+00
   outer loop
     vertex  7.111828e+00  1.869283e+01  2.000000e+02
     vertex  7.621971e+00  1.849069e+01  2.000000e+02
     vertex  7.621971e+00  1.849069e+01  0.000000e+00
   endloop
 endfacet
 facet normal  3.683796e-01  9.296754e-01  0.000000e+00
   outer loop
     vertex  7.111828e+00  1.869283e+01  2.000000e+02
     vertex  7.621971e+00  1.849069e+01  0.000000e+00
     vertex  7.111828e+00  1.869283e+01  0.000000e+00
   endloop
 endfacet
 facet normal  3.427362e-01  9.394317e-01  0.000000e+00
   outer loop
     vertex  6.596331e+00  1.888090e+01  2.000000e+02
     vertex  7.111828e+00  1.869283e+01  2.000000e+02
     vertex  7.111828e+00  1.869283e+01  0.000000e+00
   endloop
 endfacet
 facet normal  3.427362e-01  9.394317e-01  0.000000e+00
   outer loop
     vertex  6.596331e+00  1.888090e+01  2.000000e+02
     vertex  7.111828e+00  1.869283e+01  0.000000e+00
     vertex  6.596331e+00  1.888090e+01  0.000000e+00
   endloop
 endfacet
 facet normal  3.168348e-01  9.484807e-01  0.000000e+00
   outer loop
     vertex  6.075869e+00  1.905476e+01  2.000000e+02
     vertex  6.596331e+00  1.888090e+01  2.000000e+02
     vertex  6.596331e+00  1.888090e+01  0.000000e+00
   endloop
 endfacet
 facet normal  3.168348e-01  9.484807e-01  0.000000e+00
   outer loop
     vertex  6.075869e+00  1.905476e+01  2.000000e+02
     vertex  6.596331e+00  1.888090e+01  0.000000e+00
     vertex  6.075869e+00  1.905476e+01  0.000000e+00
   endloop
 endfacet
 facet normal  2.906949e-01  9.568158e-01  0.000000e+00
   outer loop
     vertex  5.550833e+00  1.921427e+01  2.000000e+02
     vertex  6.075869e+00  1.905476e+01  2.000000e+02
     vertex  6.075869e+00  1.905476e+01  0.000000e+00
   endloop
 endfacet
 facet normal  2.906949e-01  9.568158e-01  0.000000e+00
   outer loop
     vertex  5.550833e+00  1.921427e+01  2.000000e+02
     vertex  6.075869e+00  1.905476e+01  0.000000e+00
     vertex  5.550833e+00  1.921427e+01  0.000000e+00
   endloop
 endfacet
 facet normal  2.643362e-01  9.644306e-01  0.000000e+00
   outer loop
     vertex  5.021618e+00  1.935932e+01  2.000000e+02
     vertex  5.550833e+00  1.921427e+01  2.000000e+02
     vertex  5.550833e+00  1.921427e+01  0.000000e+00
   endloop
 endfacet
 facet normal  2.643362e-01  9.644306e-01  0.000000e+00
   outer loop
     vertex  5.021618e+00  1.935932e+01  2.000000e+02
     vertex  5.550833e+00  1.921427e+01  0.000000e+00
     vertex  5.021618e+00  1.935932e+01  0.000000e+00
   endloop
 endfacet
 facet normal  2.377784e-01  9.713194e-01  0.000000e+00
   outer loop
     vertex  4.488624e+00  1.948980e+01  2.000000e+02
     vertex  5.021618e+00  1.935932e+01  2.000000e+02
     vertex  5.021618e+00  1.935932e+01  0.000000e+00
   endloop
 endfacet
 facet normal  2.377784e-01  9.713194e-01  0.000000e+00
   outer loop
     vertex  4.488624e+00  1.948980e+01  2.000000e+02
     vertex  5.021618e+00  1.935932e+01  0.000000e+00
     vertex  4.488624e+00  1.948980e+01  0.000000e+00
   endloop
 endfacet
 facet normal  2.110417e-01  9.774771e-01  0.000000e+00
   outer loop
     vertex  4.488624e+00  1.948980e+01  2.000000e+02
     vertex  4.488624e+00  1.948980e+01  0.000000e+00
     vertex  3.952250e+00  1.960560e+01  0.000000e+00
   endloop
 endfacet
 facet normal  2.110417e-01  9.774771e-01  0.000000e+00
   outer loop
     vertex  3.952250e+00  1.960560e+01  2.000000e+02
     vertex  4.488624e+00  1.948980e+01  2.000000e+02
     vertex  3.952250e+00  1.960560e+01  0.000000e+00
   endloop
 endfacet
 facet normal  1.841461e-01  9.828989e-01  0.000000e+00
   outer loop
     vertex  3.412902e+00  1.970665e+01  2.000000e+02
     vertex  3.952250e+00  1.960560e+01  2.000000e+02
     vertex  3.952250e+00  1.960560e+01  0.000000e+00
   endloop
 endfacet
 facet normal  1.841461e-01  9.828989e-01  0.000000e+00
   outer loop
     vertex  3.412902e+00  1.970665e+01  2.000000e+02
     vertex  3.952250e+00  1.960560e+01  0.000000e+00
     vertex  3.412902e+00  1.970665e+01  0.000000e+00
   endloop
 endfacet
 facet normal  1.571119e-01  9.875808e-01  0.000000e+00
   outer loop
     vertex  3.412902e+00  1.970665e+01  2.000000e+02
     vertex  3.412902e+00  1.970665e+01  0.000000e+00
     vertex  2.870984e+00  1.979286e+01  0.000000e+00
   endloop
 endfacet
 facet normal  1.571119e-01  9.875808e-01  0.000000e+00
   outer loop
     vertex  2.870984e+00  1.979286e+01  2.000000e+02
     vertex  3.412902e+00  1.970665e+01  2.000000e+02
     vertex  2.870984e+00  1.979286e+01  0.000000e+00
   endloop
 endfacet
 facet normal  1.299594e-01  9.915193e-01  0.000000e+00
   outer loop
     vertex  2.326905e+00  1.986418e+01  2.000000e+02
     vertex  2.870984e+00  1.979286e+01  2.000000e+02
     vertex  2.870984e+00  1.979286e+01  0.000000e+00
   endloop
 endfacet
 facet normal  1.299594e-01  9.915193e-01  0.000000e+00
   outer loop
     vertex  2.326905e+00  1.986418e+01  2.000000e+02
     vertex  2.870984e+00  1.979286e+01  0.000000e+00
     vertex  2.326905e+00  1.986418e+01  0.000000e+00
   endloop
 endfacet
 facet normal  1.027091e-01  9.947114e-01  0.000000e+00
   outer loop
     vertex  1.781074e+00  1.992054e+01  2.000000e+02
     vertex  2.326905e+00  1.986418e+01  2.000000e+02
     vertex  2.326905e+00  1.986418e+01  0.000000e+00
   endloop
 endfacet
 facet normal  1.027091e-01  9.947114e-01  0.000000e+00
   outer loop
     vertex  1.781074e+00  1.992054e+01  2.000000e+02
     vertex  2.326905e+00  1.986418e+01  0.000000e+00
     vertex  1.781074e+00  1.992054e+01  0.000000e+00
   endloop
 endfacet
 facet normal  7.538152e-02  9.971548e-01  0.000000e+00
   outer loop
     vertex  1.233903e+00  1.996190e+01  2.000000e+02
     vertex  1.781074e+00  1.992054e+01  2.000000e+02
     vertex  1.781074e+00  1.992054e+01  0.000000e+00
   endloop
 endfacet
 facet normal  7.538152e-02  9.971548e-01  0.000000e+00
   outer loop
     vertex  1.233903e+00  1.996190e+01  2.000000e+02
     vertex  1.781074e+00  1.992054e+01  0.000000e+00
     vertex  1.233903e+00  1.996190e+01  0.000000e+00
   endloop
 endfacet
 facet normal  4.799716e-02  9.988475e-01  0.000000e+00
   outer loop
     vertex  6.858028e-01  1.998824e+01  2.000000e+02
     vertex  1.233903e+00  1.996190e+01  2.000000e+02
     vertex  1.233903e+00  1.996190e+01  0.000000e+00
   endloop
 endfacet
 facet normal  4.799716e-02  9.988475e-01  0.000000e+00
   outer loop
     vertex  6.858028e-01  1.998824e+01  2.000000e+02
     vertex  1.233903e+00  1.996190e+01  0.000000e+00
     vertex  6.858028e-01  1.998824e+01  0.000000e+00
   endloop
 endfacet
 facet normal  2.057667e-02  9.997883e-01  0.000000e+00
   outer loop
     vertex  1.371864e-01  1.999953e+01  2.000000e+02
     vertex  6.858028e-01  1.998824e+01  0.000000e+00
     vertex  1.371864e-01  1.999953e+01  0.000000e+00
   endloop
 endfacet
 facet normal  2.057667e-02  9.997883e-01  0.000000e+00
   outer loop
     vertex  1.371864e-01  1.999953e+01  2.000000e+02
     vertex  6.858028e-01  1.998824e+01  2.000000e+02
     vertex  6.858028e-01  1.998824e+01  0.000000e+00
   endloop
 endfacet
 facet normal -6.859319e-03  9.999765e-01  0.000000e+00
   outer loop
     vertex -4.115333e-01  1.999577e+01  2.000000e+02
     vertex  1.371864e-01  1.999953e+01  0.000000e+00
     vertex -4.115333e-01  1.999577e+01  0.000000e+00
   endloop
 endfacet
 facet normal -6.859319e-03  9.999765e-01  0.000000e+00
   outer loop
     vertex -4.115333e-01  1.999577e+01  2.000000e+02
     vertex  1.371864e-01  1.999953e+01  2.000000e+02
     vertex  1.371864e-01  1.999953e+01  0.000000e+00
   endloop
 endfacet
 facet normal -3.429014e-02  9.994119e-01  0.000000e+00
   outer loop
     vertex -9.599432e-01  1.997695e+01  2.000000e+02
     vertex -4.115333e-01  1.999577e+01  0.000000e+00
     vertex -9.599432e-01  1.997695e+01  0.000000e+00
   endloop
 endfacet
 facet normal -3.429014e-02  9.994119e-01  0.000000e+00
   outer loop
     vertex -9.599432e-01  1.997695e+01  2.000000e+02
     vertex -4.115333e-01  1.999577e+01  2.000000e+02
     vertex -4.115333e-01  1.999577e+01  0.000000e+00
   endloop
 endfacet
 facet normal -6.169515e-02  9.980950e-01  0.000000e+00
   outer loop
     vertex -1.507630e+00  1.994310e+01  2.000000e+02
     vertex -9.599432e-01  1.997695e+01  0.000000e+00
     vertex -1.507630e+00  1.994310e+01  0.000000e+00
   endloop
 endfacet
 facet normal -6.169515e-02  9.980950e-01  0.000000e+00
   outer loop
     vertex -1.507630e+00  1.994310e+01  2.000000e+02
     vertex -9.599432e-01  1.997695e+01  2.000000e+02
     vertex -9.599432e-01  1.997695e+01  0.000000e+00
   endloop
 endfacet
 facet normal -8.905371e-02  9.960268e-01  0.000000e+00
   outer loop
     vertex -2.054183e+00  1.989423e+01  2.000000e+02
     vertex -1.507630e+00  1.994310e+01  2.000000e+02
     vertex -1.507630e+00  1.994310e+01  0.000000e+00
   endloop
 endfacet
 facet normal -8.905371e-02  9.960268e-01  0.000000e+00
   outer loop
     vertex -2.054183e+00  1.989423e+01  2.000000e+02
     vertex -1.507630e+00  1.994310e+01  0.000000e+00
     vertex -2.054183e+00  1.989423e+01  0.000000e+00
   endloop
 endfacet
 facet normal -1.163452e-01  9.932088e-01  0.000000e+00
   outer loop
     vertex -2.599189e+00  1.983039e+01  2.000000e+02
     vertex -2.054183e+00  1.989423e+01  2.000000e+02
     vertex -2.054183e+00  1.989423e+01  0.000000e+00
   endloop
 endfacet
 facet normal -1.163452e-01  9.932088e-01  0.000000e+00
   outer loop
     vertex -2.599189e+00  1.983039e+01  2.000000e+02
     vertex -2.054183e+00  1.989423e+01  0.000000e+00
     vertex -2.599189e+00  1.983039e+01  0.000000e+00
   endloop
 endfacet
 facet normal -1.435492e-01  9.896432e-01  0.000000e+00
   outer loop
     vertex -3.142238e+00  1.975162e+01  2.000000e+02
     vertex -2.599189e+00  1.983039e+01  2.000000e+02
     vertex -2.599189e+00  1.983039e+01  0.000000e+00
   endloop
 endfacet
 facet normal -1.435492e-01  9.896432e-01  0.000000e+00
   outer loop
     vertex -3.142238e+00  1.975162e+01  2.000000e+02
     vertex -2.599189e+00  1.983039e+01  0.000000e+00
     vertex -3.142238e+00  1.975162e+01  0.000000e+00
   endloop
 endfacet
 facet normal -1.706451e-01  9.853326e-01  0.000000e+00
   outer loop
     vertex -3.682923e+00  1.965798e+01  2.000000e+02
     vertex -3.142238e+00  1.975162e+01  2.000000e+02
     vertex -3.142238e+00  1.975162e+01  0.000000e+00
   endloop
 endfacet
 facet normal -1.706451e-01  9.853326e-01  0.000000e+00
   outer loop
     vertex -3.682923e+00  1.965798e+01  2.000000e+02
     vertex -3.142238e+00  1.975162e+01  0.000000e+00
     vertex -3.682923e+00  1.965798e+01  0.000000e+00
   endloop
 endfacet
 facet normal -1.976125e-01  9.802802e-01  0.000000e+00
   outer loop
     vertex -4.220834e+00  1.954954e+01  2.000000e+02
     vertex -3.682923e+00  1.965798e+01  2.000000e+02
     vertex -3.682923e+00  1.965798e+01  0.000000e+00
   endloop
 endfacet
 facet normal -1.976125e-01  9.802802e-01  0.000000e+00
   outer loop
     vertex -4.220834e+00  1.954954e+01  2.000000e+02
     vertex -3.682923e+00  1.965798e+01  0.000000e+00
     vertex -4.220834e+00  1.954954e+01  0.000000e+00
   endloop
 endfacet
 facet normal -2.244312e-01  9.744899e-01  0.000000e+00
   outer loop
     vertex -4.755569e+00  1.942639e+01  2.000000e+02
     vertex -4.220834e+00  1.954954e+01  2.000000e+02
     vertex -4.220834e+00  1.954954e+01  0.000000e+00
   endloop
 endfacet
 facet normal -2.244312e-01  9.744899e-01  0.000000e+00
   outer loop
     vertex -4.755569e+00  1.942639e+01  2.000000e+02
     vertex -4.220834e+00  1.954954e+01  0.000000e+00
     vertex -4.755569e+00  1.942639e+01  0.000000e+00
   endloop
 endfacet
 facet normal -2.510809e-01  9.679661e-01  0.000000e+00
   outer loop
     vertex -5.286723e+00  1.928861e+01  2.000000e+02
     vertex -4.755569e+00  1.942639e+01  2.000000e+02
     vertex -4.755569e+00  1.942639e+01  0.000000e+00
   endloop
 endfacet
 facet normal -2.510809e-01  9.679661e-01  0.000000e+00
   outer loop
     vertex -5.286723e+00  1.928861e+01  2.000000e+02
     vertex -4.755569e+00  1.942639e+01  0.000000e+00
     vertex -5.286723e+00  1.928861e+01  0.000000e+00
   endloop
 endfacet
 facet normal -2.775416e-01  9.607136e-01  0.000000e+00
   outer loop
     vertex -5.813898e+00  1.913632e+01  2.000000e+02
     vertex -5.286723e+00  1.928861e+01  2.000000e+02
     vertex -5.286723e+00  1.928861e+01  0.000000e+00
   endloop
 endfacet
 facet normal -2.775416e-01  9.607136e-01  0.000000e+00
   outer loop
     vertex -5.813898e+00  1.913632e+01  2.000000e+02
     vertex -5.286723e+00  1.928861e+01  0.000000e+00
     vertex -5.813898e+00  1.913632e+01  0.000000e+00
   endloop
 endfacet
 facet normal -3.037934e-01  9.527379e-01  0.000000e+00
   outer loop
     vertex -6.336696e+00  1.896961e+01  2.000000e+02
     vertex -5.813898e+00  1.913632e+01  2.000000e+02
     vertex -5.813898e+00  1.913632e+01  0.000000e+00
   endloop
 endfacet
 facet normal -3.037934e-01  9.527379e-01  0.000000e+00
   outer loop
     vertex -6.336696e+00  1.896961e+01  2.000000e+02
     vertex -5.813898e+00  1.913632e+01  0.000000e+00
     vertex -6.336696e+00  1.896961e+01  0.000000e+00
   endloop
 endfacet
 facet normal -3.298166e-01  9.440450e-01  0.000000e+00
   outer loop
     vertex -6.336696e+00  1.896961e+01  2.000000e+02
     vertex -6.336696e+00  1.896961e+01  0.000000e+00
     vertex -6.854725e+00  1.878863e+01  0.000000e+00
   endloop
 endfacet
 facet normal -3.298166e-01  9.440450e-01  0.000000e+00
   outer loop
     vertex -6.854725e+00  1.878863e+01  2.000000e+02
     vertex -6.336696e+00  1.896961e+01  2.000000e+02
     vertex -6.854725e+00  1.878863e+01  0.000000e+00
   endloop
 endfacet
 facet normal -3.555914e-01  9.346415e-01  0.000000e+00
   outer loop
     vertex -7.367593e+00  1.859351e+01  2.000000e+02
     vertex -6.854725e+00  1.878863e+01  2.000000e+02
     vertex -6.854725e+00  1.878863e+01  0.000000e+00
   endloop
 endfacet
 facet normal -3.555914e-01  9.346415e-01  0.000000e+00
   outer loop
     vertex -7.367593e+00  1.859351e+01  2.000000e+02
     vertex -6.854725e+00  1.878863e+01  0.000000e+00
     vertex -7.367593e+00  1.859351e+01  0.000000e+00
   endloop
 endfacet
 facet normal -3.810986e-01  9.245344e-01  0.000000e+00
   outer loop
     vertex -7.874915e+00  1.838439e+01  2.000000e+02
     vertex -7.367593e+00  1.859351e+01  2.000000e+02
     vertex -7.367593e+00  1.859351e+01  0.000000e+00
   endloop
 endfacet
 facet normal -3.810986e-01  9.245344e-01  0.000000e+00
   outer loop
     vertex -7.874915e+00  1.838439e+01  2.000000e+02
     vertex -7.367593e+00  1.859351e+01  0.000000e+00
     vertex -7.874915e+00  1.838439e+01  0.000000e+00
   endloop
 endfacet
 facet normal -4.063188e-01  9.137314e-01  0.000000e+00
   outer loop
     vertex -8.376309e+00  1.816143e+01  2.000000e+02
     vertex -7.874915e+00  1.838439e+01  0.000000e+00
     vertex -8.376309e+00  1.816143e+01  0.000000e+00
   endloop
 endfacet
 facet normal -4.063188e-01  9.137314e-01  0.000000e+00
   outer loop
     vertex -8.376309e+00  1.816143e+01  2.000000e+02
     vertex -7.874915e+00  1.838439e+01  2.000000e+02
     vertex -7.874915e+00  1.838439e+01  0.000000e+00
   endloop
 endfacet
 facet normal -4.312333e-01  9.022405e-01  0.000000e+00
   outer loop
     vertex -8.871398e+00  1.792480e+01  2.000000e+02
     vertex -8.376309e+00  1.816143e+01  0.000000e+00
     vertex -8.871398e+00  1.792480e+01  0.000000e+00
   endloop
 endfacet
 facet normal -4.312333e-01  9.022405e-01  0.000000e+00
   outer loop
     vertex -8.871398e+00  1.792480e+01  2.000000e+02
     vertex -8.376309e+00  1.816143e+01  2.000000e+02
     vertex -8.376309e+00  1.816143e+01  0.000000e+00
   endloop
 endfacet
 facet normal -4.558231e-01  8.900704e-01  0.000000e+00
   outer loop
     vertex -9.359809e+00  1.767467e+01  2.000000e+02
     vertex -8.871398e+00  1.792480e+01  0.000000e+00
     vertex -9.359809e+00  1.767467e+01  0.000000e+00
   endloop
 endfacet
 facet normal -4.558231e-01  8.900704e-01  0.000000e+00
   outer loop
     vertex -9.359809e+00  1.767467e+01  2.000000e+02
     vertex -8.871398e+00  1.792480e+01  2.000000e+02
     vertex -8.871398e+00  1.792480e+01  0.000000e+00
   endloop
 endfacet
 facet normal -4.800697e-01  8.772303e-01  0.000000e+00
   outer loop
     vertex -9.841174e+00  1.741124e+01  2.000000e+02
     vertex -9.359809e+00  1.767467e+01  0.000000e+00
     vertex -9.841174e+00  1.741124e+01  0.000000e+00
   endloop
 endfacet
 facet normal -4.800697e-01  8.772303e-01  0.000000e+00
   outer loop
     vertex -9.841174e+00  1.741124e+01  2.000000e+02
     vertex -9.359809e+00  1.767467e+01  2.000000e+02
     vertex -9.359809e+00  1.767467e+01  0.000000e+00
   endloop
 endfacet
 facet normal -5.039550e-01  8.637299e-01  0.000000e+00
   outer loop
     vertex -1.031513e+01  1.713470e+01  2.000000e+02
     vertex -9.841174e+00  1.741124e+01  0.000000e+00
     vertex -1.031513e+01  1.713470e+01  0.000000e+00
   endloop
 endfacet
 facet normal -5.039550e-01  8.637299e-01  0.000000e+00
   outer loop
     vertex -1.031513e+01  1.713470e+01  2.000000e+02
     vertex -9.841174e+00  1.741124e+01  2.000000e+02
     vertex -9.841174e+00  1.741124e+01  0.000000e+00
   endloop
 endfacet
 facet normal -5.274609e-01  8.495793e-01  0.000000e+00
   outer loop
     vertex -1.078132e+01  1.684527e+01  2.000000e+02
     vertex -1.031513e+01  1.713470e+01  0.000000e+00
     vertex -1.078132e+01  1.684527e+01  0.000000e+00
   endloop
 endfacet
 facet normal -5.274609e-01  8.495793e-01  0.000000e+00
   outer loop
     vertex -1.078132e+01  1.684527e+01  2.000000e+02
     vertex -1.031513e+01  1.713470e+01  2.000000e+02
     vertex -1.031513e+01  1.713470e+01  0.000000e+00
   endloop
 endfacet
 facet normal -5.505698e-01  8.347891e-01  0.000000e+00
   outer loop
     vertex -1.123940e+01  1.654315e+01  2.000000e+02
     vertex -1.078132e+01  1.684527e+01  0.000000e+00
     vertex -1.123940e+01  1.654315e+01  0.000000e+00
   endloop
 endfacet
 facet normal -5.505698e-01  8.347891e-01  0.000000e+00
   outer loop
     vertex -1.123940e+01  1.654315e+01  2.000000e+02
     vertex -1.078132e+01  1.684527e+01  2.000000e+02
     vertex -1.078132e+01  1.684527e+01  0.000000e+00
   endloop
 endfacet
 facet normal -5.732642e-01  8.193706e-01  0.000000e+00
   outer loop
     vertex -1.168901e+01  1.622858e+01  2.000000e+02
     vertex -1.123940e+01  1.654315e+01  0.000000e+00
     vertex -1.168901e+01  1.622858e+01  0.000000e+00
   endloop
 endfacet
 facet normal -5.732642e-01  8.193706e-01  0.000000e+00
   outer loop
     vertex -1.168901e+01  1.622858e+01  2.000000e+02
     vertex -1.123940e+01  1.654315e+01  2.000000e+02
     vertex -1.123940e+01  1.654315e+01  0.000000e+00
   endloop
 endfacet
 facet normal -5.955271e-01  8.033352e-01  0.000000e+00
   outer loop
     vertex -1.212983e+01  1.590180e+01  2.000000e+02
     vertex -1.168901e+01  1.622858e+01  0.000000e+00
     vertex -1.212983e+01  1.590180e+01  0.000000e+00
   endloop
 endfacet
 facet normal -5.955271e-01  8.033352e-01  0.000000e+00
   outer loop
     vertex -1.212983e+01  1.590180e+01  2.000000e+02
     vertex -1.168901e+01  1.622858e+01  2.000000e+02
     vertex -1.168901e+01  1.622858e+01  0.000000e+00
   endloop
 endfacet
 facet normal -6.173417e-01  7.866951e-01  0.000000e+00
   outer loop
     vertex -1.256151e+01  1.556304e+01  2.000000e+02
     vertex -1.212983e+01  1.590180e+01  0.000000e+00
     vertex -1.256151e+01  1.556304e+01  0.000000e+00
   endloop
 endfacet
 facet normal -6.173417e-01  7.866951e-01  0.000000e+00
   outer loop
     vertex -1.256151e+01  1.556304e+01  2.000000e+02
     vertex -1.212983e+01  1.590180e+01  2.000000e+02
     vertex -1.212983e+01  1.590180e+01  0.000000e+00
   endloop
 endfacet
 facet normal -6.386916e-01  7.694628e-01  0.000000e+00
   outer loop
     vertex -1.298374e+01  1.521257e+01  2.000000e+02
     vertex -1.256151e+01  1.556304e+01  0.000000e+00
     vertex -1.298374e+01  1.521257e+01  0.000000e+00
   endloop
 endfacet
 facet normal -6.386916e-01  7.694628e-01  0.000000e+00
   outer loop
     vertex -1.298374e+01  1.521257e+01  2.000000e+02
     vertex -1.256151e+01  1.556304e+01  2.000000e+02
     vertex -1.256151e+01  1.556304e+01  0.000000e+00
   endloop
 endfacet
 facet normal -6.595607e-01  7.516513e-01  0.000000e+00
   outer loop
     vertex -1.339620e+01  1.485065e+01  2.000000e+02
     vertex -1.298374e+01  1.521257e+01  0.000000e+00
     vertex -1.339620e+01  1.485065e+01  0.000000e+00
   endloop
 endfacet
 facet normal -6.595607e-01  7.516513e-01  0.000000e+00
   outer loop
     vertex -1.339620e+01  1.485065e+01  2.000000e+02
     vertex -1.298374e+01  1.521257e+01  2.000000e+02
     vertex -1.298374e+01  1.521257e+01  0.000000e+00
   endloop
 endfacet
 facet normal -6.799333e-01  7.332740e-01  0.000000e+00
   outer loop
     vertex -1.379857e+01  1.447755e+01  2.000000e+02
     vertex -1.339620e+01  1.485065e+01  0.000000e+00
     vertex -1.379857e+01  1.447755e+01  0.000000e+00
   endloop
 endfacet
 facet normal -6.799333e-01  7.332740e-01  0.000000e+00
   outer loop
     vertex -1.379857e+01  1.447755e+01  2.000000e+02
     vertex -1.339620e+01  1.485065e+01  2.000000e+02
     vertex -1.339620e+01  1.485065e+01  0.000000e+00
   endloop
 endfacet
 facet normal -6.997940e-01  7.143447e-01  0.000000e+00
   outer loop
     vertex -1.419056e+01  1.409355e+01  2.000000e+02
     vertex -1.379857e+01  1.447755e+01  0.000000e+00
     vertex -1.419056e+01  1.409355e+01  0.000000e+00
   endloop
 endfacet
 facet normal -6.997940e-01  7.143447e-01  0.000000e+00
   outer loop
     vertex -1.419056e+01  1.409355e+01  2.000000e+02
     vertex -1.379857e+01  1.447755e+01  2.000000e+02
     vertex -1.379857e+01  1.447755e+01  0.000000e+00
   endloop
 endfacet
 facet normal -7.191280e-01  6.948776e-01  0.000000e+00
   outer loop
     vertex -1.457186e+01  1.369894e+01  2.000000e+02
     vertex -1.419056e+01  1.409355e+01  2.000000e+02
     vertex -1.419056e+01  1.409355e+01  0.000000e+00
   endloop
 endfacet
 facet normal -7.191280e-01  6.948776e-01  0.000000e+00
   outer loop
     vertex -1.457186e+01  1.369894e+01  2.000000e+02
     vertex -1.419056e+01  1.409355e+01  0.000000e+00
     vertex -1.457186e+01  1.369894e+01  0.000000e+00
   endloop
 endfacet
 facet normal -7.379206e-01  6.748875e-01  0.000000e+00
   outer loop
     vertex -1.494219e+01  1.329402e+01  2.000000e+02
     vertex -1.457186e+01  1.369894e+01  2.000000e+02
     vertex -1.457186e+01  1.369894e+01  0.000000e+00
   endloop
 endfacet
 facet normal -7.379206e-01  6.748875e-01  0.000000e+00
   outer loop
     vertex -1.494219e+01  1.329402e+01  2.000000e+02
     vertex -1.457186e+01  1.369894e+01  0.000000e+00
     vertex -1.494219e+01  1.329402e+01  0.000000e+00
   endloop
 endfacet
 facet normal -7.561578e-01  6.543893e-01  0.000000e+00
   outer loop
     vertex -1.530127e+01  1.287909e+01  2.000000e+02
     vertex -1.494219e+01  1.329402e+01  2.000000e+02
     vertex -1.494219e+01  1.329402e+01  0.000000e+00
   endloop
 endfacet
 facet normal -7.561578e-01  6.543893e-01  0.000000e+00
   outer loop
     vertex -1.530127e+01  1.287909e+01  2.000000e+02
     vertex -1.494219e+01  1.329402e+01  0.000000e+00
     vertex -1.530127e+01  1.287909e+01  0.000000e+00
   endloop
 endfacet
 facet normal -7.738257e-01  6.333986e-01  0.000000e+00
   outer loop
     vertex -1.564884e+01  1.245447e+01  2.000000e+02
     vertex -1.530127e+01  1.287909e+01  0.000000e+00
     vertex -1.564884e+01  1.245447e+01  0.000000e+00
   endloop
 endfacet
 facet normal -7.909112e-01  6.119310e-01  0.000000e+00
   outer loop
     vertex -1.564884e+01  1.245447e+01  2.000000e+02
     vertex -1.564884e+01  1.245447e+01  0.000000e+00
     vertex -1.598463e+01  1.202047e+01  0.000000e+00
   endloop
 endfacet
 facet normal -7.738257e-01  6.333986e-01  0.000000e+00
   outer loop
     vertex -1.564884e+01  1.245447e+01  2.000000e+02
     vertex -1.530127e+01  1.287909e+01  2.000000e+02
     vertex -1.530127e+01  1.287909e+01  0.000000e+00
   endloop
 endfacet
 facet normal -7.909112e-01  6.119310e-01  0.000000e+00
   outer loop
     vertex -1.598463e+01  1.202047e+01  2.000000e+02
     vertex -1.564884e+01  1.245447e+01  2.000000e+02
     vertex -1.598463e+01  1.202047e+01  0.000000e+00
   endloop
 endfacet
 facet normal -8.074012e-01  5.900028e-01  0.000000e+00
   outer loop
     vertex -1.630838e+01  1.157742e+01  2.000000e+02
     vertex -1.598463e+01  1.202047e+01  0.000000e+00
     vertex -1.630838e+01  1.157742e+01  0.000000e+00
   endloop
 endfacet
 facet normal -8.074012e-01  5.900028e-01  0.000000e+00
   outer loop
     vertex -1.630838e+01  1.157742e+01  2.000000e+02
     vertex -1.598463e+01  1.202047e+01  2.000000e+02
     vertex -1.598463e+01  1.202047e+01  0.000000e+00
   endloop
 endfacet
 facet normal -8.232835e-01  5.676304e-01  0.000000e+00
   outer loop
     vertex -1.661986e+01  1.112566e+01  2.000000e+02
     vertex -1.630838e+01  1.157742e+01  0.000000e+00
     vertex -1.661986e+01  1.112566e+01  0.000000e+00
   endloop
 endfacet
 facet normal -8.232835e-01  5.676304e-01  0.000000e+00
   outer loop
     vertex -1.661986e+01  1.112566e+01  2.000000e+02
     vertex -1.630838e+01  1.157742e+01  2.000000e+02
     vertex -1.630838e+01  1.157742e+01  0.000000e+00
   endloop
 endfacet
 facet normal -8.385460e-01  5.448308e-01  0.000000e+00
   outer loop
     vertex -1.691883e+01  1.066552e+01  2.000000e+02
     vertex -1.661986e+01  1.112566e+01  0.000000e+00
     vertex -1.691883e+01  1.066552e+01  0.000000e+00
   endloop
 endfacet
 facet normal -8.385460e-01  5.448308e-01  0.000000e+00
   outer loop
     vertex -1.691883e+01  1.066552e+01  2.000000e+02
     vertex -1.661986e+01  1.112566e+01  2.000000e+02
     vertex -1.661986e+01  1.112566e+01  0.000000e+00
   endloop
 endfacet
 facet normal -8.531773e-01  5.216210e-01  0.000000e+00
   outer loop
     vertex -1.720506e+01  1.019736e+01  2.000000e+02
     vertex -1.691883e+01  1.066552e+01  0.000000e+00
     vertex -1.720506e+01  1.019736e+01  0.000000e+00
   endloop
 endfacet
 facet normal -8.531773e-01  5.216210e-01  0.000000e+00
   outer loop
     vertex -1.720506e+01  1.019736e+01  2.000000e+02
     vertex -1.691883e+01  1.066552e+01  2.000000e+02
     vertex -1.691883e+01  1.066552e+01  0.000000e+00
   endloop
 endfacet
 facet normal -8.671664e-01  4.980186e-01  0.000000e+00
   outer loop
     vertex -1.747833e+01  9.721513e+00  2.000000e+02
     vertex -1.720506e+01  1.019736e+01  0.000000e+00
     vertex -1.747833e+01  9.721513e+00  0.000000e+00
   endloop
 endfacet
 facet normal -8.671664e-01  4.980186e-01  0.000000e+00
   outer loop
     vertex -1.747833e+01  9.721513e+00  2.000000e+02
     vertex -1.720506e+01  1.019736e+01  2.000000e+02
     vertex -1.720506e+01  1.019736e+01  0.000000e+00
   endloop
 endfacet
 facet normal -8.805026e-01  4.740412e-01  0.000000e+00
   outer loop
     vertex -1.773846e+01  9.238352e+00  2.000000e+02
     vertex -1.747833e+01  9.721513e+00  0.000000e+00
     vertex -1.773846e+01  9.238352e+00  0.000000e+00
   endloop
 endfacet
 facet normal -8.805026e-01  4.740412e-01  0.000000e+00
   outer loop
     vertex -1.773846e+01  9.238352e+00  2.000000e+02
     vertex -1.747833e+01  9.721513e+00  2.000000e+02
     vertex -1.747833e+01  9.721513e+00  0.000000e+00
   endloop
 endfacet
 facet normal -8.931761e-01  4.497071e-01  0.000000e+00
   outer loop
     vertex -1.798523e+01  8.748237e+00  2.000000e+02
     vertex -1.773846e+01  9.238352e+00  0.000000e+00
     vertex -1.798523e+01  8.748237e+00  0.000000e+00
   endloop
 endfacet
 facet normal -8.931761e-01  4.497071e-01  0.000000e+00
   outer loop
     vertex -1.798523e+01  8.748237e+00  2.000000e+02
     vertex -1.773846e+01  9.238352e+00  2.000000e+02
     vertex -1.773846e+01  9.238352e+00  0.000000e+00
   endloop
 endfacet
 facet normal -9.051772e-01  4.250344e-01  0.000000e+00
   outer loop
     vertex -1.821846e+01  8.251537e+00  2.000000e+02
     vertex -1.798523e+01  8.748237e+00  0.000000e+00
     vertex -1.821846e+01  8.251537e+00  0.000000e+00
   endloop
 endfacet
 facet normal -9.051772e-01  4.250344e-01  0.000000e+00
   outer loop
     vertex -1.821846e+01  8.251537e+00  2.000000e+02
     vertex -1.798523e+01  8.748237e+00  2.000000e+02
     vertex -1.798523e+01  8.748237e+00  0.000000e+00
   endloop
 endfacet
 facet normal -9.164969e-01  4.000417e-01  0.000000e+00
   outer loop
     vertex -1.843797e+01  7.748625e+00  2.000000e+02
     vertex -1.821846e+01  8.251537e+00  0.000000e+00
     vertex -1.843797e+01  7.748625e+00  0.000000e+00
   endloop
 endfacet
 facet normal -9.164969e-01  4.000417e-01  0.000000e+00
   outer loop
     vertex -1.843797e+01  7.748625e+00  2.000000e+02
     vertex -1.821846e+01  8.251537e+00  2.000000e+02
     vertex -1.821846e+01  8.251537e+00  0.000000e+00
   endloop
 endfacet
 facet normal -9.271267e-01  3.747479e-01  0.000000e+00
   outer loop
     vertex -1.864361e+01  7.239881e+00  2.000000e+02
     vertex -1.843797e+01  7.748625e+00  0.000000e+00
     vertex -1.864361e+01  7.239881e+00  0.000000e+00
   endloop
 endfacet
 facet normal -9.271267e-01  3.747479e-01  0.000000e+00
   outer loop
     vertex -1.864361e+01  7.239881e+00  2.000000e+02
     vertex -1.843797e+01  7.748625e+00  2.000000e+02
     vertex -1.843797e+01  7.748625e+00  0.000000e+00
   endloop
 endfacet
 facet normal -9.370586e-01  3.491720e-01  0.000000e+00
   outer loop
     vertex -1.883521e+01  6.725686e+00  2.000000e+02
     vertex -1.864361e+01  7.239881e+00  0.000000e+00
     vertex -1.883521e+01  6.725686e+00  0.000000e+00
   endloop
 endfacet
 facet normal -9.370586e-01  3.491720e-01  0.000000e+00
   outer loop
     vertex -1.883521e+01  6.725686e+00  2.000000e+02
     vertex -1.864361e+01  7.239881e+00  2.000000e+02
     vertex -1.864361e+01  7.239881e+00  0.000000e+00
   endloop
 endfacet
 facet normal -9.462851e-01  3.233333e-01  0.000000e+00
   outer loop
     vertex -1.901263e+01  6.206429e+00  2.000000e+02
     vertex -1.883521e+01  6.725686e+00  0.000000e+00
     vertex -1.901263e+01  6.206429e+00  0.000000e+00
   endloop
 endfacet
 facet normal -9.462851e-01  3.233333e-01  0.000000e+00
   outer loop
     vertex -1.901263e+01  6.206429e+00  2.000000e+02
     vertex -1.883521e+01  6.725686e+00  2.000000e+02
     vertex -1.883521e+01  6.725686e+00  0.000000e+00
   endloop
 endfacet
 facet normal -9.547993e-01  2.972512e-01  0.000000e+00
   outer loop
     vertex -1.917575e+01  5.682499e+00  2.000000e+02
     vertex -1.901263e+01  6.206429e+00  0.000000e+00
     vertex -1.917575e+01  5.682499e+00  0.000000e+00
   endloop
 endfacet
 facet normal -9.625948e-01  2.709453e-01  0.000000e+00
   outer loop
     vertex -1.917575e+01  5.682499e+00  2.000000e+02
     vertex -1.917575e+01  5.682499e+00  0.000000e+00
     vertex -1.932442e+01  5.154292e+00  0.000000e+00
   endloop
 endfacet
 facet normal -9.547993e-01  2.972512e-01  0.000000e+00
   outer loop
     vertex -1.917575e+01  5.682499e+00  2.000000e+02
     vertex -1.901263e+01  6.206429e+00  2.000000e+02
     vertex -1.901263e+01  6.206429e+00  0.000000e+00
   endloop
 endfacet
 facet normal -9.625948e-01  2.709453e-01  0.000000e+00
   outer loop
     vertex -1.932442e+01  5.154292e+00  2.000000e+02
     vertex -1.917575e+01  5.682499e+00  2.000000e+02
     vertex -1.932442e+01  5.154292e+00  0.000000e+00
   endloop
 endfacet
 facet normal -9.696656e-01  2.444354e-01  0.000000e+00
   outer loop
     vertex -1.945855e+01  4.622205e+00  2.000000e+02
     vertex -1.932442e+01  5.154292e+00  0.000000e+00
     vertex -1.945855e+01  4.622205e+00  0.000000e+00
   endloop
 endfacet
 facet normal -9.696656e-01  2.444354e-01  0.000000e+00
   outer loop
     vertex -1.945855e+01  4.622205e+00  2.000000e+02
     vertex -1.932442e+01  5.154292e+00  2.000000e+02
     vertex -1.932442e+01  5.154292e+00  0.000000e+00
   endloop
 endfacet
 facet normal -9.760065e-01  2.177416e-01  0.000000e+00
   outer loop
     vertex -1.957803e+01  4.086638e+00  2.000000e+02
     vertex -1.945855e+01  4.622205e+00  0.000000e+00
     vertex -1.957803e+01  4.086638e+00  0.000000e+00
   endloop
 endfacet
 facet normal -9.760065e-01  2.177416e-01  0.000000e+00
   outer loop
     vertex -1.957803e+01  4.086638e+00  2.000000e+02
     vertex -1.945855e+01  4.622205e+00  2.000000e+02
     vertex -1.945855e+01  4.622205e+00  0.000000e+00
   endloop
 endfacet
 facet normal -9.816126e-01  1.908838e-01  0.000000e+00
   outer loop
     vertex -1.968278e+01  3.547996e+00  2.000000e+02
     vertex -1.957803e+01  4.086638e+00  0.000000e+00
     vertex -1.968278e+01  3.547996e+00  0.000000e+00
   endloop
 endfacet
 facet normal -9.816126e-01  1.908838e-01  0.000000e+00
   outer loop
     vertex -1.968278e+01  3.547996e+00  2.000000e+02
     vertex -1.957803e+01  4.086638e+00  2.000000e+02
     vertex -1.957803e+01  4.086638e+00  0.000000e+00
   endloop
 endfacet
 facet normal -9.864799e-01  1.638824e-01  0.000000e+00
   outer loop
     vertex -1.977271e+01  3.006682e+00  2.000000e+02
     vertex -1.968278e+01  3.547996e+00  0.000000e+00
     vertex -1.977271e+01  3.006682e+00  0.000000e+00
   endloop
 endfacet
 facet normal -9.864799e-01  1.638824e-01  0.000000e+00
   outer loop
     vertex -1.977271e+01  3.006682e+00  2.000000e+02
     vertex -1.968278e+01  3.547996e+00  2.000000e+02
     vertex -1.968278e+01  3.547996e+00  0.000000e+00
   endloop
 endfacet
 facet normal -9.906046e-01  1.367575e-01  0.000000e+00
   outer loop
     vertex -1.984775e+01  2.463105e+00  2.000000e+02
     vertex -1.977271e+01  3.006682e+00  0.000000e+00
     vertex -1.984775e+01  2.463105e+00  0.000000e+00
   endloop
 endfacet
 facet normal -9.906046e-01  1.367575e-01  0.000000e+00
   outer loop
     vertex -1.984775e+01  2.463105e+00  2.000000e+02
     vertex -1.977271e+01  3.006682e+00  2.000000e+02
     vertex -1.977271e+01  3.006682e+00  0.000000e+00
   endloop
 endfacet
 facet normal -9.939835e-01  1.095298e-01  0.000000e+00
   outer loop
     vertex -1.990785e+01  1.917674e+00  2.000000e+02
     vertex -1.984775e+01  2.463105e+00  2.000000e+02
     vertex -1.984775e+01  2.463105e+00  0.000000e+00
   endloop
 endfacet
 facet normal -9.939835e-01  1.095298e-01  0.000000e+00
   outer loop
     vertex -1.990785e+01  1.917674e+00  2.000000e+02
     vertex -1.984775e+01  2.463105e+00  0.000000e+00
     vertex -1.990785e+01  1.917674e+00  0.000000e+00
   endloop
 endfacet
 facet normal -9.966142e-01  8.221955e-02  0.000000e+00
   outer loop
     vertex -1.995297e+01  1.370799e+00  2.000000e+02
     vertex -1.990785e+01  1.917674e+00  2.000000e+02
     vertex -1.990785e+01  1.917674e+00  0.000000e+00
   endloop
 endfacet
 facet normal -9.966142e-01  8.221955e-02  0.000000e+00
   outer loop
     vertex -1.995297e+01  1.370799e+00  2.000000e+02
     vertex -1.990785e+01  1.917674e+00  0.000000e+00
     vertex -1.995297e+01  1.370799e+00  0.000000e+00
   endloop
 endfacet
 facet normal -9.984947e-01  5.484744e-02  0.000000e+00
   outer loop
     vertex -1.998306e+01  8.228924e-01  2.000000e+02
     vertex -1.995297e+01  1.370799e+00  2.000000e+02
     vertex -1.995297e+01  1.370799e+00  0.000000e+00
   endloop
 endfacet
 facet normal -9.984947e-01  5.484744e-02  0.000000e+00
   outer loop
     vertex -1.998306e+01  8.228924e-01  2.000000e+02
     vertex -1.995297e+01  1.370799e+00  0.000000e+00
     vertex -1.998306e+01  8.228924e-01  0.000000e+00
   endloop
 endfacet
 facet normal -9.996236e-01  2.743405e-02  0.000000e+00
   outer loop
     vertex -1.999812e+01  2.743663e-01  2.000000e+02
     vertex -1.998306e+01  8.228924e-01  2.000000e+02
     vertex -1.998306e+01  8.228924e-01  0.000000e+00
   endloop
 endfacet
 facet normal -9.996236e-01  2.743405e-02  0.000000e+00
   outer loop
     vertex -1.999812e+01  2.743663e-01  2.000000e+02
     vertex -1.998306e+01  8.228924e-01  0.000000e+00
     vertex -1.999812e+01  2.743663e-01  0.000000e+00
   endloop
 endfacet
 facet normal -1.000000e+00 -6.474399e-15  0.000000e+00
   outer loop
     vertex -1.999812e+01 -2.743663e-01  2.000000e+02
     vertex -1.999812e+01  2.743663e-01  2.000000e+02
     vertex -1.999812e+01  2.743663e-01  0.000000e+00
   endloop
 endfacet
 facet normal -1.000000e+00 -6.474399e-15 -0.000000e+00
   outer loop
     vertex -1.999812e+01 -2.743663e-01  2.000000e+02
     vertex -1.999812e+01  2.743663e-01  0.000000e+00
     vertex -1.999812e+01 -2.743663e-01  0.000000e+00
   endloop
 endfacet
 facet normal -9.996236e-01 -2.743405e-02  0.000000e+00
   outer loop
     vertex -1.998306e+01 -8.228924e-01  2.000000e+02
     vertex -1.999812e+01 -2.743663e-01  2.000000e+02
     vertex -1.999812e+01 -2.743663e-01  0.000000e+00
   endloop
 endfacet
 facet normal -9.996236e-01 -2.743405e-02 -0.000000e+00
   outer loop
     vertex -1.998306e+01 -8.228924e-01  2.000000e+02
     vertex -1.999812e+01 -2.743663e-01  0.000000e+00
     vertex -1.998306e+01 -8.228924e-01  0.000000e+00
   endloop
 endfacet
 facet normal -9.984947e-01 -5.484744e-02  0.000000e+00
   outer loop
     vertex -1.995297e+01 -1.370799e+00  2.000000e+02
     vertex -1.998306e+01 -8.228924e-01  2.000000e+02
     vertex -1.998306e+01 -8.228924e-01  0.000000e+00
   endloop
 endfacet
 facet normal -9.984947e-01 -5.484744e-02 -0.000000e+00
   outer loop
     vertex -1.995297e+01 -1.370799e+00  2.000000e+02
     vertex -1.998306e+01 -8.228924e-01  0.000000e+00
     vertex -1.995297e+01 -1.370799e+00  0.000000e+00
   endloop
 endfacet
 facet normal -9.966142e-01 -8.221955e-02  0.000000e+00
   outer loop
     vertex -1.990785e+01 -1.917674e+00  2.000000e+02
     vertex -1.995297e+01 -1.370799e+00  2.000000e+02
     vertex -1.995297e+01 -1.370799e+00  0.000000e+00
   endloop
 endfacet
 facet normal -9.966142e-01 -8.221955e-02 -0.000000e+00
   outer loop
     vertex -1.990785e+01 -1.917674e+00  2.000000e+02
     vertex -1.995297e+01 -1.370799e+00  0.000000e+00
     vertex -1.990785e+01 -1.917674e+00  0.000000e+00
   endloop
 endfacet
 facet normal -9.939835e-01 -1.095298e-01  0.000000e+00
   outer loop
     vertex -1.984775e+01 -2.463105e+00  2.000000e+02
     vertex -1.990785e+01 -1.917674e+00  2.000000e+02
     vertex -1.990785e+01 -1.917674e+00  0.000000e+00
   endloop
 endfacet
 facet normal -9.939835e-01 -1.095298e-01 -0.000000e+00
   outer loop
     vertex -1.984775e+01 -2.463105e+00  2.000000e+02
     vertex -1.990785e+01 -1.917674e+00  0.000000e+00
     vertex -1.984775e+01 -2.463105e+00  0.000000e+00
   endloop
 endfacet
 facet normal -9.906046e-01 -1.367575e-01  0.000000e+00
   outer loop
     vertex -1.977271e+01 -3.006682e+00  2.000000e+02
     vertex -1.984775e+01 -2.463105e+00  2.000000e+02
     vertex -1.984775e+01 -2.463105e+00  0.000000e+00
   endloop
 endfacet
 facet normal -9.906046e-01 -1.367575e-01 -0.000000e+00
   outer loop
     vertex -1.977271e+01 -3.006682e+00  2.000000e+02
     vertex -1.984775e+01 -2.463105e+00  0.000000e+00
     vertex -1.977271e+01 -3.006682e+00  0.000000e+00
   endloop
 endfacet
 facet normal -9.864799e-01 -1.638824e-01  0.000000e+00
   outer loop
     vertex -1.968278e+01 -3.547996e+00  2.000000e+02
     vertex -1.977271e+01 -3.006682e+00  2.000000e+02
     vertex -1.977271e+01 -3.006682e+00  0.000000e+00
   endloop
 endfacet
 facet normal -9.864799e-01 -1.638824e-01 -0.000000e+00
   outer loop
     vertex -1.968278e+01 -3.547996e+00  2.000000e+02
     vertex -1.977271e+01 -3.006682e+00  0.000000e+00
     vertex -1.968278e+01 -3.547996e+00  0.000000e+00
   endloop
 endfacet
 facet normal -9.816126e-01 -1.908838e-01  0.000000e+00
   outer loop
     vertex -1.957803e+01 -4.086638e+00  2.000000e+02
     vertex -1.968278e+01 -3.547996e+00  2.000000e+02
     vertex -1.968278e+01 -3.547996e+00  0.000000e+00
   endloop
 endfacet
 facet normal -9.816126e-01 -1.908838e-01 -0.000000e+00
   outer loop
     vertex -1.957803e+01 -4.086638e+00  2.000000e+02
     vertex -1.968278e+01 -3.547996e+00  0.000000e+00
     vertex -1.957803e+01 -4.086638e+00  0.000000e+00
   endloop
 endfacet
 facet normal -9.760065e-01 -2.177416e-01 -0.000000e+00
   outer loop
     vertex -1.945855e+01 -4.622205e+00  2.000000e+02
     vertex -1.957803e+01 -4.086638e+00  0.000000e+00
     vertex -1.945855e+01 -4.622205e+00  0.000000e+00
   endloop
 endfacet
 facet normal -9.760065e-01 -2.177416e-01  0.000000e+00
   outer loop
     vertex -1.945855e+01 -4.622205e+00  2.000000e+02
     vertex -1.957803e+01 -4.086638e+00  2.000000e+02
     vertex -1.957803e+01 -4.086638e+00  0.000000e+00
   endloop
 endfacet
 facet normal -9.696656e-01 -2.444354e-01 -0.000000e+00
   outer loop
     vertex -1.932442e+01 -5.154292e+00  2.000000e+02
     vertex -1.945855e+01 -4.622205e+00  0.000000e+00
     vertex -1.932442e+01 -5.154292e+00  0.000000e+00
   endloop
 endfacet
 facet normal -9.696656e-01 -2.444354e-01  0.000000e+00
   outer loop
     vertex -1.932442e+01 -5.154292e+00  2.000000e+02
     vertex -1.945855e+01 -4.622205e+00  2.000000e+02
     vertex -1.945855e+01 -4.622205e+00  0.000000e+00
   endloop
 endfacet
 facet normal -9.625948e-01 -2.709453e-01  0.000000e+00
   outer loop
     vertex -1.917575e+01 -5.682499e+00  2.000000e+02
     vertex -1.932442e+01 -5.154292e+00  2.000000e+02
     vertex -1.932442e+01 -5.154292e+00  0.000000e+00
   endloop
 endfacet
 facet normal -9.625948e-01 -2.709453e-01 -0.000000e+00
   outer loop
     vertex -1.917575e+01 -5.682499e+00  2.000000e+02
     vertex -1.932442e+01 -5.154292e+00  0.000000e+00
     vertex -1.917575e+01 -5.682499e+00  0.000000e+00
   endloop
 endfacet
 facet normal -9.547993e-01 -2.972512e-01 -0.000000e+00
   outer loop
     vertex -1.901263e+01 -6.206429e+00  2.000000e+02
     vertex -1.917575e+01 -5.682499e+00  0.000000e+00
     vertex -1.901263e+01 -6.206429e+00  0.000000e+00
   endloop
 endfacet
 facet normal -9.547993e-01 -2.972512e-01  0.000000e+00
   outer loop
     vertex -1.901263e+01 -6.206429e+00  2.000000e+02
     vertex -1.917575e+01 -5.682499e+00  2.000000e+02
     vertex -1.917575e+01 -5.682499e+00  0.000000e+00
   endloop
 endfacet
 facet normal -9.462851e-01 -3.233333e-01 -0.000000e+00
   outer loop
     vertex -1.883521e+01 -6.725686e+00  2.000000e+02
     vertex -1.901263e+01 -6.206429e+00  0.000000e+00
     vertex -1.883521e+01 -6.725686e+00  0.000000e+00
   endloop
 endfacet
 facet normal -9.462851e-01 -3.233333e-01  0.000000e+00
   outer loop
     vertex -1.883521e+01 -6.725686e+00  2.000000e+02
     vertex -1.901263e+01 -6.206429e+00  2.000000e+02
     vertex -1.901263e+01 -6.206429e+00  0.000000e+00
   endloop
 endfacet
 facet normal -9.370586e-01 -3.491720e-01 -0.000000e+00
   outer loop
     vertex -1.864361e+01 -7.239881e+00  2.000000e+02
     vertex -1.883521e+01 -6.725686e+00  0.000000e+00
     vertex -1.864361e+01 -7.239881e+00  0.000000e+00
   endloop
 endfacet
 facet normal -9.370586e-01 -3.491720e-01  0.000000e+00
   outer loop
     vertex -1.864361e+01 -7.239881e+00  2.000000e+02
     vertex -1.883521e+01 -6.725686e+00  2.000000e+02
     vertex -1.883521e+01 -6.725686e+00  0.000000e+00
   endloop
 endfacet
 facet normal -9.271267e-01 -3.747479e-01 -0.000000e+00
   outer loop
     vertex -1.843797e+01 -7.748625e+00  2.000000e+02
     vertex -1.864361e+01 -7.239881e+00  0.000000e+00
     vertex -1.843797e+01 -7.748625e+00  0.000000e+00
   endloop
 endfacet
 facet normal -9.271267e-01 -3.747479e-01  0.000000e+00
   outer loop
     vertex -1.843797e+01 -7.748625e+00  2.000000e+02
     vertex -1.864361e+01 -7.239881e+00  2.000000e+02
     vertex -1.864361e+01 -7.239881e+00  0.000000e+00
   endloop
 endfacet
 facet normal -9.164969e-01 -4.000417e-01 -0.000000e+00
   outer loop
     vertex -1.821846e+01 -8.251537e+00  2.000000e+02
     vertex -1.843797e+01 -7.748625e+00  0.000000e+00
     vertex -1.821846e+01 -8.251537e+00  0.000000e+00
   endloop
 endfacet
 facet normal -9.164969e-01 -4.000417e-01  0.000000e+00
   outer loop
     vertex -1.821846e+01 -8.251537e+00  2.000000e+02
     vertex -1.843797e+01 -7.748625e+00  2.000000e+02
     vertex -1.843797e+01 -7.748625e+00  0.000000e+00
   endloop
 endfacet
 facet normal -9.051772e-01 -4.250344e-01 -0.000000e+00
   outer loop
     vertex -1.798523e+01 -8.748237e+00  2.000000e+02
     vertex -1.821846e+01 -8.251537e+00  0.000000e+00
     vertex -1.798523e+01 -8.748237e+00  0.000000e+00
   endloop
 endfacet
 facet normal -9.051772e-01 -4.250344e-01  0.000000e+00
   outer loop
     vertex -1.798523e+01 -8.748237e+00  2.000000e+02
     vertex -1.821846e+01 -8.251537e+00  2.000000e+02
     vertex -1.821846e+01 -8.251537e+00  0.000000e+00
   endloop
 endfacet
 facet normal -8.931761e-01 -4.497071e-01 -0.000000e+00
   outer loop
     vertex -1.773846e+01 -9.238352e+00  2.000000e+02
     vertex -1.798523e+01 -8.748237e+00  0.000000e+00
     vertex -1.773846e+01 -9.238352e+00  0.000000e+00
   endloop
 endfacet
 facet normal -8.931761e-01 -4.497071e-01  0.000000e+00
   outer loop
     vertex -1.773846e+01 -9.238352e+00  2.000000e+02
     vertex -1.798523e+01 -8.748237e+00  2.000000e+02
     vertex -1.798523e+01 -8.748237e+00  0.000000e+00
   endloop
 endfacet
 facet normal -8.805026e-01 -4.740412e-01 -0.000000e+00
   outer loop
     vertex -1.747833e+01 -9.721513e+00  2.000000e+02
     vertex -1.773846e+01 -9.238352e+00  0.000000e+00
     vertex -1.747833e+01 -9.721513e+00  0.000000e+00
   endloop
 endfacet
 facet normal -8.805026e-01 -4.740412e-01  0.000000e+00
   outer loop
     vertex -1.747833e+01 -9.721513e+00  2.000000e+02
     vertex -1.773846e+01 -9.238352e+00  2.000000e+02
     vertex -1.773846e+01 -9.238352e+00  0.000000e+00
   endloop
 endfacet
 facet normal -8.671664e-01 -4.980186e-01 -0.000000e+00
   outer loop
     vertex -1.720506e+01 -1.019736e+01  2.000000e+02
     vertex -1.747833e+01 -9.721513e+00  0.000000e+00
     vertex -1.720506e+01 -1.019736e+01  0.000000e+00
   endloop
 endfacet
 facet normal -8.671664e-01 -4.980186e-01  0.000000e+00
   outer loop
     vertex -1.720506e+01 -1.019736e+01  2.000000e+02
     vertex -1.747833e+01 -9.721513e+00  2.000000e+02
     vertex -1.747833e+01 -9.721513e+00  0.000000e+00
   endloop
 endfacet
 facet normal -8.531773e-01 -5.216210e-01 -0.000000e+00
   outer loop
     vertex -1.691883e+01 -1.066552e+01  2.000000e+02
     vertex -1.720506e+01 -1.019736e+01  0.000000e+00
     vertex -1.691883e+01 -1.066552e+01  0.000000e+00
   endloop
 endfacet
 facet normal -8.531773e-01 -5.216210e-01  0.000000e+00
   outer loop
     vertex -1.691883e+01 -1.066552e+01  2.000000e+02
     vertex -1.720506e+01 -1.019736e+01  2.000000e+02
     vertex -1.720506e+01 -1.019736e+01  0.000000e+00
   endloop
 endfacet
 facet normal -8.385460e-01 -5.448308e-01 -0.000000e+00
   outer loop
     vertex -1.661986e+01 -1.112566e+01  2.000000e+02
     vertex -1.691883e+01 -1.066552e+01  0.000000e+00
     vertex -1.661986e+01 -1.112566e+01  0.000000e+00
   endloop
 endfacet
 facet normal -8.385460e-01 -5.448308e-01  0.000000e+00
   outer loop
     vertex -1.661986e+01 -1.112566e+01  2.000000e+02
     vertex -1.691883e+01 -1.066552e+01  2.000000e+02
     vertex -1.691883e+01 -1.066552e+01  0.000000e+00
   endloop
 endfacet
 facet normal -8.232835e-01 -5.676304e-01  0.000000e+00
   outer loop
     vertex -1.630838e+01 -1.157742e+01  2.000000e+02
     vertex -1.661986e+01 -1.112566e+01  2.000000e+02
     vertex -1.661986e+01 -1.112566e+01  0.000000e+00
   endloop
 endfacet
 facet normal -8.232835e-01 -5.676304e-01 -0.000000e+00
   outer loop
     vertex -1.630838e+01 -1.157742e+01  2.000000e+02
     vertex -1.661986e+01 -1.112566e+01  0.000000e+00
     vertex -1.630838e+01 -1.157742e+01  0.000000e+00
   endloop
 endfacet
 facet normal -8.074012e-01 -5.900028e-01  0.000000e+00
   outer loop
     vertex -1.598463e+01 -1.202047e+01  2.000000e+02
     vertex -1.630838e+01 -1.157742e+01  2.000000e+02
     vertex -1.630838e+01 -1.157742e+01  0.000000e+00
   endloop
 endfacet
 facet normal -8.074012e-01 -5.900028e-01 -0.000000e+00
   outer loop
     vertex -1.598463e+01 -1.202047e+01  2.000000e+02
     vertex -1.630838e+01 -1.157742e+01  0.000000e+00
     vertex -1.598463e+01 -1.202047e+01  0.000000e+00
   endloop
 endfacet
 facet normal -7.909112e-01 -6.119310e-01  0.000000e+00
   outer loop
     vertex -1.564884e+01 -1.245447e+01  2.000000e+02
     vertex -1.598463e+01 -1.202047e+01  2.000000e+02
     vertex -1.598463e+01 -1.202047e+01  0.000000e+00
   endloop
 endfacet
 facet normal -7.909112e-01 -6.119310e-01 -0.000000e+00
   outer loop
     vertex -1.564884e+01 -1.245447e+01  2.000000e+02
     vertex -1.598463e+01 -1.202047e+01  0.000000e+00
     vertex -1.564884e+01 -1.245447e+01  0.000000e+00
   endloop
 endfacet
 facet normal -7.738257e-01 -6.333986e-01  0.000000e+00
   outer loop
     vertex -1.530127e+01 -1.287909e+01  2.000000e+02
     vertex -1.564884e+01 -1.245447e+01  2.000000e+02
     vertex -1.564884e+01 -1.245447e+01  0.000000e+00
   endloop
 endfacet
 facet normal -7.738257e-01 -6.333986e-01 -0.000000e+00
   outer loop
     vertex -1.530127e+01 -1.287909e+01  2.000000e+02
     vertex -1.564884e+01 -1.245447e+01  0.000000e+00
     vertex -1.530127e+01 -1.287909e+01  0.000000e+00
   endloop
 endfacet
 facet normal -7.561578e-01 -6.543893e-01  0.000000e+00
   outer loop
     vertex -1.494219e+01 -1.329402e+01  2.000000e+02
     vertex -1.530127e+01 -1.287909e+01  2.000000e+02
     vertex -1.530127e+01 -1.287909e+01  0.000000e+00
   endloop
 endfacet
 facet normal -7.561578e-01 -6.543893e-01 -0.000000e+00
   outer loop
     vertex -1.494219e+01 -1.329402e+01  2.000000e+02
     vertex -1.530127e+01 -1.287909e+01  0.000000e+00
     vertex -1.494219e+01 -1.329402e+01  0.000000e+00
   endloop
 endfacet
 facet normal -7.379206e-01 -6.748875e-01 -0.000000e+00
   outer loop
     vertex -1.494219e+01 -1.329402e+01  2.000000e+02
     vertex -1.494219e+01 -1.329402e+01  0.000000e+00
     vertex -1.457186e+01 -1.369894e+01  0.000000e+00
   endloop
 endfacet
 facet normal -7.379206e-01 -6.748875e-01 -0.000000e+00
   outer loop
     vertex -1.457186e+01 -1.369894e+01  2.000000e+02
     vertex -1.494219e+01 -1.329402e+01  2.000000e+02
     vertex -1.457186e+01 -1.369894e+01  0.000000e+00
   endloop
 endfacet
 facet normal -7.191280e-01 -6.948776e-01  0.000000e+00
   outer loop
     vertex -1.419056e+01 -1.409355e+01  2.000000e+02
     vertex -1.457186e+01 -1.369894e+01  2.000000e+02
     vertex -1.457186e+01 -1.369894e+01  0.000000e+00
   endloop
 endfacet
 facet normal -7.191280e-01 -6.948776e-01 -0.000000e+00
   outer loop
     vertex -1.419056e+01 -1.409355e+01  2.000000e+02
     vertex -1.457186e+01 -1.369894e+01  0.000000e+00
     vertex -1.419056e+01 -1.409355e+01  0.000000e+00
   endloop
 endfacet
 facet normal -6.997940e-01 -7.143447e-01  0.000000e+00
   outer loop
     vertex -1.379857e+01 -1.447755e+01  2.000000e+02
     vertex -1.419056e+01 -1.409355e+01  2.000000e+02
     vertex -1.419056e+01 -1.409355e+01  0.000000e+00
   endloop
 endfacet
 facet normal -6.997940e-01 -7.143447e-01 -0.000000e+00
   outer loop
     vertex -1.379857e+01 -1.447755e+01  2.000000e+02
     vertex -1.419056e+01 -1.409355e+01  0.000000e+00
     vertex -1.379857e+01 -1.447755e+01  0.000000e+00
   endloop
 endfacet
 facet normal -6.799333e-01 -7.332740e-01  0.000000e+00
   outer loop
     vertex -1.339620e+01 -1.485065e+01  2.000000e+02
     vertex -1.379857e+01 -1.447755e+01  2.000000e+02
     vertex -1.379857e+01 -1.447755e+01  0.000000e+00
   endloop
 endfacet
 facet normal -6.799333e-01 -7.332740e-01 -0.000000e+00
   outer loop
     vertex -1.339620e+01 -1.485065e+01  2.000000e+02
     vertex -1.379857e+01 -1.447755e+01  0.000000e+00
     vertex -1.339620e+01 -1.485065e+01  0.000000e+00
   endloop
 endfacet
 facet normal -6.595607e-01 -7.516513e-01  0.000000e+00
   outer loop
     vertex -1.298374e+01 -1.521257e+01  2.000000e+02
     vertex -1.339620e+01 -1.485065e+01  2.000000e+02
     vertex -1.339620e+01 -1.485065e+01  0.000000e+00
   endloop
 endfacet
 facet normal -6.595607e-01 -7.516513e-01 -0.000000e+00
   outer loop
     vertex -1.298374e+01 -1.521257e+01  2.000000e+02
     vertex -1.339620e+01 -1.485065e+01  0.000000e+00
     vertex -1.298374e+01 -1.521257e+01  0.000000e+00
   endloop
 endfacet
 facet normal -6.386916e-01 -7.694628e-01  0.000000e+00
   outer loop
     vertex -1.256151e+01 -1.556304e+01  2.000000e+02
     vertex -1.298374e+01 -1.521257e+01  2.000000e+02
     vertex -1.298374e+01 -1.521257e+01  0.000000e+00
   endloop
 endfacet
 facet normal -6.386916e-01 -7.694628e-01 -0.000000e+00
   outer loop
     vertex -1.256151e+01 -1.556304e+01  2.000000e+02
     vertex -1.298374e+01 -1.521257e+01  0.000000e+00
     vertex -1.256151e+01 -1.556304e+01  0.000000e+00
   endloop
 endfacet
 facet normal -6.173417e-01 -7.866951e-01  0.000000e+00
   outer loop
     vertex -1.212983e+01 -1.590180e+01  2.000000e+02
     vertex -1.256151e+01 -1.556304e+01  2.000000e+02
     vertex -1.256151e+01 -1.556304e+01  0.000000e+00
   endloop
 endfacet
 facet normal -6.173417e-01 -7.866951e-01 -0.000000e+00
   outer loop
     vertex -1.212983e+01 -1.590180e+01  2.000000e+02
     vertex -1.256151e+01 -1.556304e+01  0.000000e+00
     vertex -1.212983e+01 -1.590180e+01  0.000000e+00
   endloop
 endfacet
 facet normal -5.955271e-01 -8.033352e-01  0.000000e+00
   outer loop
     vertex -1.168901e+01 -1.622858e+01  2.000000e+02
     vertex -1.212983e+01 -1.590180e+01  2.000000e+02
     vertex -1.212983e+01 -1.590180e+01  0.000000e+00
   endloop
 endfacet
 facet normal -5.955271e-01 -8.033352e-01 -0.000000e+00
   outer loop
     vertex -1.168901e+01 -1.622858e+01  2.000000e+02
     vertex -1.212983e+01 -1.590180e+01  0.000000e+00
     vertex -1.168901e+01 -1.622858e+01  0.000000e+00
   endloop
 endfacet
 facet normal -5.732642e-01 -8.193706e-01  0.000000e+00
   outer loop
     vertex -1.123940e+01 -1.654315e+01  2.000000e+02
     vertex -1.168901e+01 -1.622858e+01  2.000000e+02
     vertex -1.168901e+01 -1.622858e+01  0.000000e+00
   endloop
 endfacet
 facet normal -5.732642e-01 -8.193706e-01 -0.000000e+00
   outer loop
     vertex -1.123940e+01 -1.654315e+01  2.000000e+02
     vertex -1.168901e+01 -1.622858e+01  0.000000e+00
     vertex -1.123940e+01 -1.654315e+01  0.000000e+00
   endloop
 endfacet
 facet normal -5.505698e-01 -8.347891e-01  0.000000e+00
   outer loop
     vertex -1.078132e+01 -1.684527e+01  2.000000e+02
     vertex -1.123940e+01 -1.654315e+01  2.000000e+02
     vertex -1.123940e+01 -1.654315e+01  0.000000e+00
   endloop
 endfacet
 facet normal -5.505698e-01 -8.347891e-01 -0.000000e+00
   outer loop
     vertex -1.078132e+01 -1.684527e+01  2.000000e+02
     vertex -1.123940e+01 -1.654315e+01  0.000000e+00
     vertex -1.078132e+01 -1.684527e+01  0.000000e+00
   endloop
 endfacet
 facet normal -5.274609e-01 -8.495793e-01  0.000000e+00
   outer loop
     vertex -1.031513e+01 -1.713470e+01  2.000000e+02
     vertex -1.078132e+01 -1.684527e+01  2.000000e+02
     vertex -1.078132e+01 -1.684527e+01  0.000000e+00
   endloop
 endfacet
 facet normal -5.274609e-01 -8.495793e-01 -0.000000e+00
   outer loop
     vertex -1.031513e+01 -1.713470e+01  2.000000e+02
     vertex -1.078132e+01 -1.684527e+01  0.000000e+00
     vertex -1.031513e+01 -1.713470e+01  0.000000e+00
   endloop
 endfacet
 facet normal -5.039550e-01 -8.637299e-01  0.000000e+00
   outer loop
     vertex -9.841174e+00 -1.741124e+01  2.000000e+02
     vertex -1.031513e+01 -1.713470e+01  2.000000e+02
     vertex -1.031513e+01 -1.713470e+01  0.000000e+00
   endloop
 endfacet
 facet normal -5.039550e-01 -8.637299e-01 -0.000000e+00
   outer loop
     vertex -9.841174e+00 -1.741124e+01  2.000000e+02
     vertex -1.031513e+01 -1.713470e+01  0.000000e+00
     vertex -9.841174e+00 -1.741124e+01  0.000000e+00
   endloop
 endfacet
 facet normal -4.800697e-01 -8.772303e-01  0.000000e+00
   outer loop
     vertex -9.359809e+00 -1.767467e+01  2.000000e+02
     vertex -9.841174e+00 -1.741124e+01  2.000000e+02
     vertex -9.841174e+00 -1.741124e+01  0.000000e+00
   endloop
 endfacet
 facet normal -4.800697e-01 -8.772303e-01 -0.000000e+00
   outer loop
     vertex -9.359809e+00 -1.767467e+01  2.000000e+02
     vertex -9.841174e+00 -1.741124e+01  0.000000e+00
     vertex -9.359809e+00 -1.767467e+01  0.000000e+00
   endloop
 endfacet
 facet normal -4.558231e-01 -8.900704e-01  0.000000e+00
   outer loop
     vertex -8.871398e+00 -1.792480e+01  2.000000e+02
     vertex -9.359809e+00 -1.767467e+01  2.000000e+02
     vertex -9.359809e+00 -1.767467e+01  0.000000e+00
   endloop
 endfacet
 facet normal -4.558231e-01 -8.900704e-01 -0.000000e+00
   outer loop
     vertex -8.871398e+00 -1.792480e+01  2.000000e+02
     vertex -9.359809e+00 -1.767467e+01  0.000000e+00
     vertex -8.871398e+00 -1.792480e+01  0.000000e+00
   endloop
 endfacet
 facet normal -4.312333e-01 -9.022405e-01  0.000000e+00
   outer loop
     vertex -8.376309e+00 -1.816143e+01  2.000000e+02
     vertex -8.871398e+00 -1.792480e+01  2.000000e+02
     vertex -8.871398e+00 -1.792480e+01  0.000000e+00
   endloop
 endfacet
 facet normal -4.312333e-01 -9.022405e-01 -0.000000e+00
   outer loop
     vertex -8.376309e+00 -1.816143e+01  2.000000e+02
     vertex -8.871398e+00 -1.792480e+01  0.000000e+00
     vertex -8.376309e+00 -1.816143e+01  0.000000e+00
   endloop
 endfacet
 facet normal -4.063188e-01 -9.137314e-01  0.000000e+00
   outer loop
     vertex -7.874915e+00 -1.838439e+01  2.000000e+02
     vertex -8.376309e+00 -1.816143e+01  2.000000e+02
     vertex -8.376309e+00 -1.816143e+01  0.000000e+00
   endloop
 endfacet
 facet normal -4.063188e-01 -9.137314e-01 -0.000000e+00
   outer loop
     vertex -7.874915e+00 -1.838439e+01  2.000000e+02
     vertex -8.376309e+00 -1.816143e+01  0.000000e+00
     vertex -7.874915e+00 -1.838439e+01  0.000000e+00
   endloop
 endfacet
 facet normal -3.810986e-01 -9.245344e-01 -0.000000e+00
   outer loop
     vertex -7.367593e+00 -1.859351e+01  2.000000e+02
     vertex -7.874915e+00 -1.838439e+01  0.000000e+00
     vertex -7.367593e+00 -1.859351e+01  0.000000e+00
   endloop
 endfacet
 facet normal -3.810986e-01 -9.245344e-01  0.000000e+00
   outer loop
     vertex -7.367593e+00 -1.859351e+01  2.000000e+02
     vertex -7.874915e+00 -1.838439e+01  2.000000e+02
     vertex -7.874915e+00 -1.838439e+01  0.000000e+00
   endloop
 endfacet
 facet normal -3.555914e-01 -9.346415e-01 -0.000000e+00
   outer loop
     vertex -6.854725e+00 -1.878863e+01  2.000000e+02
     vertex -7.367593e+00 -1.859351e+01  0.000000e+00
     vertex -6.854725e+00 -1.878863e+01  0.000000e+00
   endloop
 endfacet
 facet normal -3.555914e-01 -9.346415e-01  0.000000e+00
   outer loop
     vertex -6.854725e+00 -1.878863e+01  2.000000e+02
     vertex -7.367593e+00 -1.859351e+01  2.000000e+02
     vertex -7.367593e+00 -1.859351e+01  0.000000e+00
   endloop
 endfacet
 facet normal -3.298166e-01 -9.440450e-01 -0.000000e+00
   outer loop
     vertex -6.336696e+00 -1.896961e+01  2.000000e+02
     vertex -6.854725e+00 -1.878863e+01  0.000000e+00
     vertex -6.336696e+00 -1.896961e+01  0.000000e+00
   endloop
 endfacet
 facet normal -3.298166e-01 -9.440450e-01  0.000000e+00
   outer loop
     vertex -6.336696e+00 -1.896961e+01  2.000000e+02
     vertex -6.854725e+00 -1.878863e+01  2.000000e+02
     vertex -6.854725e+00 -1.878863e+01  0.000000e+00
   endloop
 endfacet
 facet normal -3.037934e-01 -9.527379e-01 -0.000000e+00
   outer loop
     vertex -5.813898e+00 -1.913632e+01  2.000000e+02
     vertex -6.336696e+00 -1.896961e+01  0.000000e+00
     vertex -5.813898e+00 -1.913632e+01  0.000000e+00
   endloop
 endfacet
 facet normal -3.037934e-01 -9.527379e-01  0.000000e+00
   outer loop
     vertex -5.813898e+00 -1.913632e+01  2.000000e+02
     vertex -6.336696e+00 -1.896961e+01  2.000000e+02
     vertex -6.336696e+00 -1.896961e+01  0.000000e+00
   endloop
 endfacet
 facet normal -2.775416e-01 -9.607136e-01  0.000000e+00
   outer loop
     vertex -5.286723e+00 -1.928861e+01  2.000000e+02
     vertex -5.813898e+00 -1.913632e+01  2.000000e+02
     vertex -5.813898e+00 -1.913632e+01  0.000000e+00
   endloop
 endfacet
 facet normal -2.775416e-01 -9.607136e-01 -0.000000e+00
   outer loop
     vertex -5.286723e+00 -1.928861e+01  2.000000e+02
     vertex -5.813898e+00 -1.913632e+01  0.000000e+00
     vertex -5.286723e+00 -1.928861e+01  0.000000e+00
   endloop
 endfacet
 facet normal -2.510809e-01 -9.679661e-01  0.000000e+00
   outer loop
     vertex -4.755569e+00 -1.942639e+01  2.000000e+02
     vertex -5.286723e+00 -1.928861e+01  2.000000e+02
     vertex -5.286723e+00 -1.928861e+01  0.000000e+00
   endloop
 endfacet
 facet normal -2.510809e-01 -9.679661e-01 -0.000000e+00
   outer loop
     vertex -4.755569e+00 -1.942639e+01  2.000000e+02
     vertex -5.286723e+00 -1.928861e+01  0.000000e+00
     vertex -4.755569e+00 -1.942639e+01  0.000000e+00
   endloop
 endfacet
 facet normal -2.244312e-01 -9.744899e-01  0.000000e+00
   outer loop
     vertex -4.220834e+00 -1.954954e+01  2.000000e+02
     vertex -4.755569e+00 -1.942639e+01  2.000000e+02
     vertex -4.755569e+00 -1.942639e+01  0.000000e+00
   endloop
 endfacet
 facet normal -2.244312e-01 -9.744899e-01 -0.000000e+00
   outer loop
     vertex -4.220834e+00 -1.954954e+01  2.000000e+02
     vertex -4.755569e+00 -1.942639e+01  0.000000e+00
     vertex -4.220834e+00 -1.954954e+01  0.000000e+00
   endloop
 endfacet
 facet normal -1.976125e-01 -9.802802e-01  0.000000e+00
   outer loop
     vertex -3.682923e+00 -1.965798e+01  2.000000e+02
     vertex -4.220834e+00 -1.954954e+01  2.000000e+02
     vertex -4.220834e+00 -1.954954e+01  0.000000e+00
   endloop
 endfacet
 facet normal -1.976125e-01 -9.802802e-01 -0.000000e+00
   outer loop
     vertex -3.682923e+00 -1.965798e+01  2.000000e+02
     vertex -4.220834e+00 -1.954954e+01  0.000000e+00
     vertex -3.682923e+00 -1.965798e+01  0.000000e+00
   endloop
 endfacet
 facet normal -1.706451e-01 -9.853326e-01  0.000000e+00
   outer loop
     vertex -3.142238e+00 -1.975162e+01  2.000000e+02
     vertex -3.682923e+00 -1.965798e+01  2.000000e+02
     vertex -3.682923e+00 -1.965798e+01  0.000000e+00
   endloop
 endfacet
 facet normal -1.706451e-01 -9.853326e-01 -0.000000e+00
   outer loop
     vertex -3.142238e+00 -1.975162e+01  2.000000e+02
     vertex -3.682923e+00 -1.965798e+01  0.000000e+00
     vertex -3.142238e+00 -1.975162e+01  0.000000e+00
   endloop
 endfacet
 facet normal -1.435492e-01 -9.896432e-01  0.000000e+00
   outer loop
     vertex -2.599189e+00 -1.983039e+01  2.000000e+02
     vertex -3.142238e+00 -1.975162e+01  2.000000e+02
     vertex -3.142238e+00 -1.975162e+01  0.000000e+00
   endloop
 endfacet
 facet normal -1.435492e-01 -9.896432e-01 -0.000000e+00
   outer loop
     vertex -2.599189e+00 -1.983039e+01  2.000000e+02
     vertex -3.142238e+00 -1.975162e+01  0.000000e+00
     vertex -2.599189e+00 -1.983039e+01  0.000000e+00
   endloop
 endfacet
 facet normal -1.163452e-01 -9.932088e-01  0.000000e+00
   outer loop
     vertex -2.054183e+00 -1.989423e+01  2.000000e+02
     vertex -2.599189e+00 -1.983039e+01  2.000000e+02
     vertex -2.599189e+00 -1.983039e+01  0.000000e+00
   endloop
 endfacet
 facet normal -1.163452e-01 -9.932088e-01 -0.000000e+00
   outer loop
     vertex -2.054183e+00 -1.989423e+01  2.000000e+02
     vertex -2.599189e+00 -1.983039e+01  0.000000e+00
     vertex -2.054183e+00 -1.989423e+01  0.000000e+00
   endloop
 endfacet
 facet normal -8.905371e-02 -9.960268e-01  0.000000e+00
   outer loop
     vertex -1.507630e+00 -1.994310e+01  2.000000e+02
     vertex -2.054183e+00 -1.989423e+01  2.000000e+02
     vertex -2.054183e+00 -1.989423e+01  0.000000e+00
   endloop
 endfacet
 facet normal -8.905371e-02 -9.960268e-01 -0.000000e+00
   outer loop
     vertex -1.507630e+00 -1.994310e+01  2.000000e+02
     vertex -2.054183e+00 -1.989423e+01  0.000000e+00
     vertex -1.507630e+00 -1.994310e+01  0.000000e+00
   endloop
 endfacet
 facet normal -6.169515e-02 -9.980950e-01 -0.000000e+00
   outer loop
     vertex -1.507630e+00 -1.994310e+01  2.000000e+02
     vertex -1.507630e+00 -1.994310e+01  0.000000e+00
     vertex -9.599432e-01 -1.997695e+01  0.000000e+00
   endloop
 endfacet
 facet normal -6.169515e-02 -9.980950e-01 -0.000000e+00
   outer loop
     vertex -9.599432e-01 -1.997695e+01  2.000000e+02
     vertex -1.507630e+00 -1.994310e+01  2.000000e+02
     vertex -9.599432e-01 -1.997695e+01  0.000000e+00
   endloop
 endfacet
 facet normal -3.429014e-02 -9.994119e-01  0.000000e+00
   outer loop
     vertex -4.115333e-01 -1.999577e+01  2.000000e+02
     vertex -9.599432e-01 -1.997695e+01  2.000000e+02
     vertex -9.599432e-01 -1.997695e+01  0.000000e+00
   endloop
 endfacet
 facet normal -3.429014e-02 -9.994119e-01 -0.000000e+00
   outer loop
     vertex -4.115333e-01 -1.999577e+01  2.000000e+02
     vertex -9.599432e-01 -1.997695e+01  0.000000e+00
     vertex -4.115333e-01 -1.999577e+01  0.000000e+00
   endloop
 endfacet
 facet normal -6.859319e-03 -9.999765e-01 -0.000000e+00
   outer loop
     vertex -4.115333e-01 -1.999577e+01  2.000000e+02
     vertex -4.115333e-01 -1.999577e+01  0.000000e+00
     vertex  1.371864e-01 -1.999953e+01  0.000000e+00
   endloop
 endfacet
 facet normal -6.859319e-03 -9.999765e-01 -0.000000e+00
   outer loop
     vertex  1.371864e-01 -1.999953e+01  2.000000e+02
     vertex -4.115333e-01 -1.999577e+01  2.000000e+02
     vertex  1.371864e-01 -1.999953e+01  0.000000e+00
   endloop
 endfacet
 facet normal  2.057667e-02 -9.997883e-01  0.000000e+00
   outer loop
     vertex  6.858028e-01 -1.998824e+01  2.000000e+02
     vertex  1.371864e-01 -1.999953e+01  2.000000e+02
     vertex  1.371864e-01 -1.999953e+01  0.000000e+00
   endloop
 endfacet
 facet normal  2.057667e-02 -9.997883e-01  0.000000e+00
   outer loop
     vertex  6.858028e-01 -1.998824e+01  2.000000e+02
     vertex  1.371864e-01 -1.999953e+01  0.000000e+00
     vertex  6.858028e-01 -1.998824e+01  0.000000e+00
   endloop
 endfacet
 facet normal  4.799716e-02 -9.988475e-01  0.000000e+00
   outer loop
     vertex  1.233903e+00 -1.996190e+01  2.000000e+02
     vertex  6.858028e-01 -1.998824e+01  0.000000e+00
     vertex  1.233903e+00 -1.996190e+01  0.000000e+00
   endloop
 endfacet
 facet normal  4.799716e-02 -9.988475e-01  0.000000e+00
   outer loop
     vertex  1.233903e+00 -1.996190e+01  2.000000e+02
     vertex  6.858028e-01 -1.998824e+01  2.000000e+02
     vertex  6.858028e-01 -1.998824e+01  0.000000e+00
   endloop
 endfacet
 facet normal  7.538152e-02 -9.971548e-01  0.000000e+00
   outer loop
     vertex  1.781074e+00 -1.992054e+01  2.000000e+02
     vertex  1.233903e+00 -1.996190e+01  0.000000e+00
     vertex  1.781074e+00 -1.992054e+01  0.000000e+00
   endloop
 endfacet
 facet normal  7.538152e-02 -9.971548e-01  0.000000e+00
   outer loop
     vertex  1.781074e+00 -1.992054e+01  2.000000e+02
     vertex  1.233903e+00 -1.996190e+01  2.000000e+02
     vertex  1.233903e+00 -1.996190e+01  0.000000e+00
   endloop
 endfacet
 facet normal  1.027091e-01 -9.947114e-01  0.000000e+00
   outer loop
     vertex  2.326905e+00 -1.986418e+01  2.000000e+02
     vertex  1.781074e+00 -1.992054e+01  0.000000e+00
     vertex  2.326905e+00 -1.986418e+01  0.000000e+00
   endloop
 endfacet
 facet normal  1.027091e-01 -9.947114e-01  0.000000e+00
   outer loop
     vertex  2.326905e+00 -1.986418e+01  2.000000e+02
     vertex  1.781074e+00 -1.992054e+01  2.000000e+02
     vertex  1.781074e+00 -1.992054e+01  0.000000e+00
   endloop
 endfacet
 facet normal  1.299594e-01 -9.915193e-01  0.000000e+00
   outer loop
     vertex  2.870984e+00 -1.979286e+01  2.000000e+02
     vertex  2.326905e+00 -1.986418e+01  0.000000e+00
     vertex  2.870984e+00 -1.979286e+01  0.000000e+00
   endloop
 endfacet
 facet normal  1.299594e-01 -9.915193e-01  0.000000e+00
   outer loop
     vertex  2.870984e+00 -1.979286e+01  2.000000e+02
     vertex  2.326905e+00 -1.986418e+01  2.000000e+02
     vertex  2.326905e+00 -1.986418e+01  0.000000e+00
   endloop
 endfacet
 facet normal  1.571119e-01 -9.875808e-01  0.000000e+00
   outer loop
     vertex  3.412902e+00 -1.970665e+01  2.000000e+02
     vertex  2.870984e+00 -1.979286e+01  0.000000e+00
     vertex  3.412902e+00 -1.970665e+01  0.000000e+00
   endloop
 endfacet
 facet normal  1.841461e-01 -9.828989e-01  0.000000e+00
   outer loop
     vertex  3.412902e+00 -1.970665e+01  2.000000e+02
     vertex  3.412902e+00 -1.970665e+01  0.000000e+00
     vertex  3.952250e+00 -1.960560e+01  0.000000e+00
   endloop
 endfacet
 facet normal  1.571119e-01 -9.875808e-01  0.000000e+00
   outer loop
     vertex  3.412902e+00 -1.970665e+01  2.000000e+02
     vertex  2.870984e+00 -1.979286e+01  2.000000e+02
     vertex  2.870984e+00 -1.979286e+01  0.000000e+00
   endloop
 endfacet
 facet normal  1.841461e-01 -9.828989e-01  0.000000e+00
   outer loop
     vertex  3.952250e+00 -1.960560e+01  2.000000e+02
     vertex  3.412902e+00 -1.970665e+01  2.000000e+02
     vertex  3.952250e+00 -1.960560e+01  0.000000e+00
   endloop
 endfacet
 facet normal  2.110417e-01 -9.774771e-01  0.000000e+00
   outer loop
     vertex  4.488624e+00 -1.948980e+01  2.000000e+02
     vertex  3.952250e+00 -1.960560e+01  0.000000e+00
     vertex  4.488624e+00 -1.948980e+01  0.000000e+00
   endloop
 endfacet
 facet normal  2.110417e-01 -9.774771e-01  0.000000e+00
   outer loop
     vertex  4.488624e+00 -1.948980e+01  2.000000e+02
     vertex  3.952250e+00 -1.960560e+01  2.000000e+02
     vertex  3.952250e+00 -1.960560e+01  0.000000e+00
   endloop
 endfacet
 facet normal  2.377784e-01 -9.713194e-01  0.000000e+00
   outer loop
     vertex  5.021618e+00 -1.935932e+01  2.000000e+02
     vertex  4.488624e+00 -1.948980e+01  0.000000e+00
     vertex  5.021618e+00 -1.935932e+01  0.000000e+00
   endloop
 endfacet
 facet normal  2.377784e-01 -9.713194e-01  0.000000e+00
   outer loop
     vertex  5.021618e+00 -1.935932e+01  2.000000e+02
     vertex  4.488624e+00 -1.948980e+01  2.000000e+02
     vertex  4.488624e+00 -1.948980e+01  0.000000e+00
   endloop
 endfacet
 facet normal  2.643362e-01 -9.644306e-01  0.000000e+00
   outer loop
     vertex  5.550833e+00 -1.921427e+01  2.000000e+02
     vertex  5.021618e+00 -1.935932e+01  0.000000e+00
     vertex  5.550833e+00 -1.921427e+01  0.000000e+00
   endloop
 endfacet
 facet normal  2.643362e-01 -9.644306e-01  0.000000e+00
   outer loop
     vertex  5.550833e+00 -1.921427e+01  2.000000e+02
     vertex  5.021618e+00 -1.935932e+01  2.000000e+02
     vertex  5.021618e+00 -1.935932e+01  0.000000e+00
   endloop
 endfacet
 facet normal  2.906949e-01 -9.568158e-01  0.000000e+00
   outer loop
     vertex  6.075869e+00 -1.905476e+01  2.000000e+02
     vertex  5.550833e+00 -1.921427e+01  0.000000e+00
     vertex  6.075869e+00 -1.905476e+01  0.000000e+00
   endloop
 endfacet
 facet normal  3.168348e-01 -9.484807e-01  0.000000e+00
   outer loop
     vertex  6.075869e+00 -1.905476e+01  2.000000e+02
     vertex  6.075869e+00 -1.905476e+01  0.000000e+00
     vertex  6.596331e+00 -1.888090e+01  0.000000e+00
   endloop
 endfacet
 facet normal  2.906949e-01 -9.568158e-01  0.000000e+00
   outer loop
     vertex  6.075869e+00 -1.905476e+01  2.000000e+02
     vertex  5.550833e+00 -1.921427e+01  2.000000e+02
     vertex  5.550833e+00 -1.921427e+01  0.000000e+00
   endloop
 endfacet
 facet normal  3.168348e-01 -9.484807e-01  0.000000e+00
   outer loop
     vertex  6.596331e+00 -1.888090e+01  2.000000e+02
     vertex  6.075869e+00 -1.905476e+01  2.000000e+02
     vertex  6.596331e+00 -1.888090e+01  0.000000e+00
   endloop
 endfacet
 facet normal  3.427362e-01 -9.394317e-01  0.000000e+00
   outer loop
     vertex  7.111828e+00 -1.869283e+01  2.000000e+02
     vertex  6.596331e+00 -1.888090e+01  0.000000e+00
     vertex  7.111828e+00 -1.869283e+01  0.000000e+00
   endloop
 endfacet
 facet normal  3.427362e-01 -9.394317e-01  0.000000e+00
   outer loop
     vertex  7.111828e+00 -1.869283e+01  2.000000e+02
     vertex  6.596331e+00 -1.888090e+01  2.000000e+02
     vertex  6.596331e+00 -1.888090e+01  0.000000e+00
   endloop
 endfacet
 facet normal  3.683796e-01 -9.296754e-01  0.000000e+00
   outer loop
     vertex  7.621971e+00 -1.849069e+01  2.000000e+02
     vertex  7.111828e+00 -1.869283e+01  0.000000e+00
     vertex  7.621971e+00 -1.849069e+01  0.000000e+00
   endloop
 endfacet
 facet normal  3.683796e-01 -9.296754e-01  0.000000e+00
   outer loop
     vertex  7.621971e+00 -1.849069e+01  2.000000e+02
     vertex  7.111828e+00 -1.869283e+01  2.000000e+02
     vertex  7.111828e+00 -1.869283e+01  0.000000e+00
   endloop
 endfacet
 facet normal  3.937458e-01 -9.192194e-01  0.000000e+00
   outer loop
     vertex  8.126377e+00 -1.827463e+01  2.000000e+02
     vertex  7.621971e+00 -1.849069e+01  2.000000e+02
     vertex  7.621971e+00 -1.849069e+01  0.000000e+00
   endloop
 endfacet
 facet normal  3.937458e-01 -9.192194e-01  0.000000e+00
   outer loop
     vertex  8.126377e+00 -1.827463e+01  2.000000e+02
     vertex  7.621971e+00 -1.849069e+01  0.000000e+00
     vertex  8.126377e+00 -1.827463e+01  0.000000e+00
   endloop
 endfacet
 facet normal  4.188155e-01 -9.080714e-01  0.000000e+00
   outer loop
     vertex  8.624665e+00 -1.804481e+01  2.000000e+02
     vertex  8.126377e+00 -1.827463e+01  2.000000e+02
     vertex  8.126377e+00 -1.827463e+01  0.000000e+00
   endloop
 endfacet
 facet normal  4.188155e-01 -9.080714e-01  0.000000e+00
   outer loop
     vertex  8.624665e+00 -1.804481e+01  2.000000e+02
     vertex  8.126377e+00 -1.827463e+01  0.000000e+00
     vertex  8.624665e+00 -1.804481e+01  0.000000e+00
   endloop
 endfacet
 facet normal  4.435699e-01 -8.962398e-01  0.000000e+00
   outer loop
     vertex  8.624665e+00 -1.804481e+01  2.000000e+02
     vertex  8.624665e+00 -1.804481e+01  0.000000e+00
     vertex  9.116461e+00 -1.780141e+01  0.000000e+00
   endloop
 endfacet
 facet normal  4.435699e-01 -8.962398e-01  0.000000e+00
   outer loop
     vertex  9.116461e+00 -1.780141e+01  2.000000e+02
     vertex  8.624665e+00 -1.804481e+01  2.000000e+02
     vertex  9.116461e+00 -1.780141e+01  0.000000e+00
   endloop
 endfacet
 facet normal  4.679904e-01 -8.837335e-01  0.000000e+00
   outer loop
     vertex  9.601395e+00 -1.754461e+01  2.000000e+02
     vertex  9.116461e+00 -1.780141e+01  2.000000e+02
     vertex  9.116461e+00 -1.780141e+01  0.000000e+00
   endloop
 endfacet
 facet normal  4.679904e-01 -8.837335e-01  0.000000e+00
   outer loop
     vertex  9.601395e+00 -1.754461e+01  2.000000e+02
     vertex  9.116461e+00 -1.780141e+01  0.000000e+00
     vertex  9.601395e+00 -1.754461e+01  0.000000e+00
   endloop
 endfacet
 facet normal  4.920587e-01 -8.705620e-01  0.000000e+00
   outer loop
     vertex  1.007910e+01 -1.727460e+01  2.000000e+02
     vertex  9.601395e+00 -1.754461e+01  0.000000e+00
     vertex  1.007910e+01 -1.727460e+01  0.000000e+00
   endloop
 endfacet
 facet normal  4.920587e-01 -8.705620e-01  0.000000e+00
   outer loop
     vertex  1.007910e+01 -1.727460e+01  2.000000e+02
     vertex  9.601395e+00 -1.754461e+01  2.000000e+02
     vertex  9.601395e+00 -1.754461e+01  0.000000e+00
   endloop
 endfacet
 facet normal  5.157565e-01 -8.567352e-01  0.000000e+00
   outer loop
     vertex  1.054922e+01 -1.699159e+01  2.000000e+02
     vertex  1.007910e+01 -1.727460e+01  0.000000e+00
     vertex  1.054922e+01 -1.699159e+01  0.000000e+00
   endloop
 endfacet
 facet normal  5.157565e-01 -8.567352e-01  0.000000e+00
   outer loop
     vertex  1.054922e+01 -1.699159e+01  2.000000e+02
     vertex  1.007910e+01 -1.727460e+01  2.000000e+02
     vertex  1.007910e+01 -1.727460e+01  0.000000e+00
   endloop
 endfacet
 facet normal  5.390661e-01 -8.422635e-01  0.000000e+00
   outer loop
     vertex  1.101140e+01 -1.669578e+01  2.000000e+02
     vertex  1.054922e+01 -1.699159e+01  0.000000e+00
     vertex  1.101140e+01 -1.669578e+01  0.000000e+00
   endloop
 endfacet
 facet normal  5.619699e-01 -8.271577e-01  0.000000e+00
   outer loop
     vertex  1.101140e+01 -1.669578e+01  2.000000e+02
     vertex  1.101140e+01 -1.669578e+01  0.000000e+00
     vertex  1.146528e+01 -1.638741e+01  0.000000e+00
   endloop
 endfacet
 facet normal  5.390661e-01 -8.422635e-01  0.000000e+00
   outer loop
     vertex  1.101140e+01 -1.669578e+01  2.000000e+02
     vertex  1.054922e+01 -1.699159e+01  2.000000e+02
     vertex  1.054922e+01 -1.699159e+01  0.000000e+00
   endloop
 endfacet
 facet normal  5.619699e-01 -8.271577e-01  0.000000e+00
   outer loop
     vertex  1.146528e+01 -1.638741e+01  2.000000e+02
     vertex  1.101140e+01 -1.669578e+01  2.000000e+02
     vertex  1.146528e+01 -1.638741e+01  0.000000e+00
   endloop
 endfacet
 facet normal  5.844507e-01 -8.114292e-01  0.000000e+00
   outer loop
     vertex  1.191054e+01 -1.606670e+01  2.000000e+02
     vertex  1.146528e+01 -1.638741e+01  0.000000e+00
     vertex  1.191054e+01 -1.606670e+01  0.000000e+00
   endloop
 endfacet
 facet normal  5.844507e-01 -8.114292e-01  0.000000e+00
   outer loop
     vertex  1.191054e+01 -1.606670e+01  2.000000e+02
     vertex  1.146528e+01 -1.638741e+01  2.000000e+02
     vertex  1.146528e+01 -1.638741e+01  0.000000e+00
   endloop
 endfacet
 facet normal  6.064915e-01 -7.950900e-01  0.000000e+00
   outer loop
     vertex  1.234683e+01 -1.573390e+01  2.000000e+02
     vertex  1.191054e+01 -1.606670e+01  0.000000e+00
     vertex  1.234683e+01 -1.573390e+01  0.000000e+00
   endloop
 endfacet
 facet normal  6.064915e-01 -7.950900e-01  0.000000e+00
   outer loop
     vertex  1.234683e+01 -1.573390e+01  2.000000e+02
     vertex  1.191054e+01 -1.606670e+01  2.000000e+02
     vertex  1.191054e+01 -1.606670e+01  0.000000e+00
   endloop
 endfacet
 facet normal  6.280757e-01 -7.781522e-01  0.000000e+00
   outer loop
     vertex  1.277383e+01 -1.538926e+01  2.000000e+02
     vertex  1.234683e+01 -1.573390e+01  0.000000e+00
     vertex  1.277383e+01 -1.538926e+01  0.000000e+00
   endloop
 endfacet
 facet normal  6.491872e-01 -7.606287e-01  0.000000e+00
   outer loop
     vertex  1.277383e+01 -1.538926e+01  2.000000e+02
     vertex  1.277383e+01 -1.538926e+01  0.000000e+00
     vertex  1.319121e+01 -1.503303e+01  0.000000e+00
   endloop
 endfacet
 facet normal  6.280757e-01 -7.781522e-01  0.000000e+00
   outer loop
     vertex  1.277383e+01 -1.538926e+01  2.000000e+02
     vertex  1.234683e+01 -1.573390e+01  2.000000e+02
     vertex  1.234683e+01 -1.573390e+01  0.000000e+00
   endloop
 endfacet
 facet normal  6.491872e-01 -7.606287e-01  0.000000e+00
   outer loop
     vertex  1.319121e+01 -1.503303e+01  2.000000e+02
     vertex  1.277383e+01 -1.538926e+01  2.000000e+02
     vertex  1.319121e+01 -1.503303e+01  0.000000e+00
   endloop
 endfacet
 facet normal  6.698100e-01 -7.425325e-01  0.000000e+00
   outer loop
     vertex  1.359867e+01 -1.466548e+01  2.000000e+02
     vertex  1.319121e+01 -1.503303e+01  0.000000e+00
     vertex  1.359867e+01 -1.466548e+01  0.000000e+00
   endloop
 endfacet
 facet normal  6.698100e-01 -7.425325e-01  0.000000e+00
   outer loop
     vertex  1.359867e+01 -1.466548e+01  2.000000e+02
     vertex  1.319121e+01 -1.503303e+01  2.000000e+02
     vertex  1.319121e+01 -1.503303e+01  0.000000e+00
   endloop
 endfacet
 facet normal  6.899286e-01 -7.238775e-01  0.000000e+00
   outer loop
     vertex  1.399588e+01 -1.428689e+01  2.000000e+02
     vertex  1.359867e+01 -1.466548e+01  0.000000e+00
     vertex  1.399588e+01 -1.428689e+01  0.000000e+00
   endloop
 endfacet
 facet normal  6.899286e-01 -7.238775e-01  0.000000e+00
   outer loop
     vertex  1.399588e+01 -1.428689e+01  2.000000e+02
     vertex  1.359867e+01 -1.466548e+01  2.000000e+02
     vertex  1.359867e+01 -1.466548e+01  0.000000e+00
   endloop
 endfacet
 facet normal  7.095278e-01 -7.046775e-01  0.000000e+00
   outer loop
     vertex  1.438256e+01 -1.389755e+01  2.000000e+02
     vertex  1.399588e+01 -1.428689e+01  0.000000e+00
     vertex  1.438256e+01 -1.389755e+01  0.000000e+00
   endloop
 endfacet
 facet normal  7.095278e-01 -7.046775e-01  0.000000e+00
   outer loop
     vertex  1.438256e+01 -1.389755e+01  2.000000e+02
     vertex  1.399588e+01 -1.428689e+01  2.000000e+02
     vertex  1.399588e+01 -1.428689e+01  0.000000e+00
   endloop
 endfacet
 facet normal  7.285929e-01 -6.849470e-01  0.000000e+00
   outer loop
     vertex  1.475841e+01 -1.349775e+01  2.000000e+02
     vertex  1.438256e+01 -1.389755e+01  0.000000e+00
     vertex  1.475841e+01 -1.349775e+01  0.000000e+00
   endloop
 endfacet
 facet normal  7.285929e-01 -6.849470e-01  0.000000e+00
   outer loop
     vertex  1.475841e+01 -1.349775e+01  2.000000e+02
     vertex  1.438256e+01 -1.389755e+01  2.000000e+02
     vertex  1.438256e+01 -1.389755e+01  0.000000e+00
   endloop
 endfacet
 facet normal  7.471095e-01 -6.647010e-01  0.000000e+00
   outer loop
     vertex  1.512316e+01 -1.308779e+01  2.000000e+02
     vertex  1.475841e+01 -1.349775e+01  0.000000e+00
     vertex  1.512316e+01 -1.308779e+01  0.000000e+00
   endloop
 endfacet
 facet normal  7.471095e-01 -6.647010e-01  0.000000e+00
   outer loop
     vertex  1.512316e+01 -1.308779e+01  2.000000e+02
     vertex  1.475841e+01 -1.349775e+01  2.000000e+02
     vertex  1.475841e+01 -1.349775e+01  0.000000e+00
   endloop
 endfacet
 facet normal  7.650637e-01 -6.439545e-01  0.000000e+00
   outer loop
     vertex  1.547651e+01 -1.266797e+01  2.000000e+02
     vertex  1.512316e+01 -1.308779e+01  0.000000e+00
     vertex  1.547651e+01 -1.266797e+01  0.000000e+00
   endloop
 endfacet
 facet normal  7.650637e-01 -6.439545e-01  0.000000e+00
   outer loop
     vertex  1.547651e+01 -1.266797e+01  2.000000e+02
     vertex  1.512316e+01 -1.308779e+01  2.000000e+02
     vertex  1.512316e+01 -1.308779e+01  0.000000e+00
   endloop
 endfacet
 facet normal  7.824421e-01 -6.227234e-01  0.000000e+00
   outer loop
     vertex  1.581822e+01 -1.223862e+01  2.000000e+02
     vertex  1.547651e+01 -1.266797e+01  0.000000e+00
     vertex  1.581822e+01 -1.223862e+01  0.000000e+00
   endloop
 endfacet
 facet normal  7.824421e-01 -6.227234e-01  0.000000e+00
   outer loop
     vertex  1.581822e+01 -1.223862e+01  2.000000e+02
     vertex  1.547651e+01 -1.266797e+01  2.000000e+02
     vertex  1.547651e+01 -1.266797e+01  0.000000e+00
   endloop
 endfacet
 facet normal  7.992314e-01 -6.010234e-01  0.000000e+00
   outer loop
     vertex  1.614802e+01 -1.180006e+01  2.000000e+02
     vertex  1.581822e+01 -1.223862e+01  0.000000e+00
     vertex  1.614802e+01 -1.180006e+01  0.000000e+00
   endloop
 endfacet
 facet normal  7.992314e-01 -6.010234e-01  0.000000e+00
   outer loop
     vertex  1.614802e+01 -1.180006e+01  2.000000e+02
     vertex  1.581822e+01 -1.223862e+01  2.000000e+02
     vertex  1.581822e+01 -1.223862e+01  0.000000e+00
   endloop
 endfacet
 facet normal  8.154191e-01 -5.788711e-01  0.000000e+00
   outer loop
     vertex  1.646567e+01 -1.135261e+01  2.000000e+02
     vertex  1.614802e+01 -1.180006e+01  0.000000e+00
     vertex  1.646567e+01 -1.135261e+01  0.000000e+00
   endloop
 endfacet
 facet normal  8.154191e-01 -5.788711e-01  0.000000e+00
   outer loop
     vertex  1.646567e+01 -1.135261e+01  2.000000e+02
     vertex  1.614802e+01 -1.180006e+01  2.000000e+02
     vertex  1.614802e+01 -1.180006e+01  0.000000e+00
   endloop
 endfacet
 facet normal  8.309929e-01 -5.562829e-01  0.000000e+00
   outer loop
     vertex  1.677092e+01 -1.089662e+01  2.000000e+02
     vertex  1.646567e+01 -1.135261e+01  0.000000e+00
     vertex  1.677092e+01 -1.089662e+01  0.000000e+00
   endloop
 endfacet
 facet normal  8.309929e-01 -5.562829e-01  0.000000e+00
   outer loop
     vertex  1.677092e+01 -1.089662e+01  2.000000e+02
     vertex  1.646567e+01 -1.135261e+01  2.000000e+02
     vertex  1.646567e+01 -1.135261e+01  0.000000e+00
   endloop
 endfacet
 facet normal  8.459413e-01 -5.332761e-01  0.000000e+00
   outer loop
     vertex  1.706355e+01 -1.043242e+01  2.000000e+02
     vertex  1.677092e+01 -1.089662e+01  0.000000e+00
     vertex  1.706355e+01 -1.043242e+01  0.000000e+00
   endloop
 endfacet
 facet normal  8.459413e-01 -5.332761e-01  0.000000e+00
   outer loop
     vertex  1.706355e+01 -1.043242e+01  2.000000e+02
     vertex  1.677092e+01 -1.089662e+01  2.000000e+02
     vertex  1.677092e+01 -1.089662e+01  0.000000e+00
   endloop
 endfacet
 facet normal  8.602528e-01 -5.098678e-01  0.000000e+00
   outer loop
     vertex  1.734333e+01 -9.960371e+00  2.000000e+02
     vertex  1.706355e+01 -1.043242e+01  0.000000e+00
     vertex  1.734333e+01 -9.960371e+00  0.000000e+00
   endloop
 endfacet
 facet normal  8.602528e-01 -5.098678e-01  0.000000e+00
   outer loop
     vertex  1.734333e+01 -9.960371e+00  2.000000e+02
     vertex  1.706355e+01 -1.043242e+01  2.000000e+02
     vertex  1.706355e+01 -1.043242e+01  0.000000e+00
   endloop
 endfacet
 facet normal  8.739167e-01 -4.860756e-01  0.000000e+00
   outer loop
     vertex  1.761005e+01 -9.480825e+00  2.000000e+02
     vertex  1.734333e+01 -9.960371e+00  0.000000e+00
     vertex  1.761005e+01 -9.480825e+00  0.000000e+00
   endloop
 endfacet
 facet normal  8.739167e-01 -4.860756e-01  0.000000e+00
   outer loop
     vertex  1.761005e+01 -9.480825e+00  2.000000e+02
     vertex  1.734333e+01 -9.960371e+00  2.000000e+02
     vertex  1.734333e+01 -9.960371e+00  0.000000e+00
   endloop
 endfacet
 facet normal  8.869228e-01 -4.619176e-01  0.000000e+00
   outer loop
     vertex  1.786352e+01 -8.994141e+00  2.000000e+02
     vertex  1.761005e+01 -9.480825e+00  0.000000e+00
     vertex  1.786352e+01 -8.994141e+00  0.000000e+00
   endloop
 endfacet
 facet normal  8.869228e-01 -4.619176e-01  0.000000e+00
   outer loop
     vertex  1.786352e+01 -8.994141e+00  2.000000e+02
     vertex  1.761005e+01 -9.480825e+00  2.000000e+02
     vertex  1.761005e+01 -9.480825e+00  0.000000e+00
   endloop
 endfacet
 facet normal  8.992613e-01 -4.374119e-01  0.000000e+00
   outer loop
     vertex  1.810354e+01 -8.500687e+00  2.000000e+02
     vertex  1.786352e+01 -8.994141e+00  2.000000e+02
     vertex  1.786352e+01 -8.994141e+00  0.000000e+00
   endloop
 endfacet
 facet normal  8.992613e-01 -4.374119e-01  0.000000e+00
   outer loop
     vertex  1.810354e+01 -8.500687e+00  2.000000e+02
     vertex  1.786352e+01 -8.994141e+00  0.000000e+00
     vertex  1.810354e+01 -8.500687e+00  0.000000e+00
   endloop
 endfacet
 facet normal  9.109228e-01 -4.125769e-01  0.000000e+00
   outer loop
     vertex  1.832994e+01 -8.000834e+00  2.000000e+02
     vertex  1.810354e+01 -8.500687e+00  2.000000e+02
     vertex  1.810354e+01 -8.500687e+00  0.000000e+00
   endloop
 endfacet
 facet normal  9.109228e-01 -4.125769e-01  0.000000e+00
   outer loop
     vertex  1.832994e+01 -8.000834e+00  2.000000e+02
     vertex  1.810354e+01 -8.500687e+00  0.000000e+00
     vertex  1.832994e+01 -8.000834e+00  0.000000e+00
   endloop
 endfacet
 facet normal  9.218986e-01 -3.874313e-01  0.000000e+00
   outer loop
     vertex  1.854253e+01 -7.494958e+00  2.000000e+02
     vertex  1.832994e+01 -8.000834e+00  2.000000e+02
     vertex  1.832994e+01 -8.000834e+00  0.000000e+00
   endloop
 endfacet
 facet normal  9.218986e-01 -3.874313e-01  0.000000e+00
   outer loop
     vertex  1.854253e+01 -7.494958e+00  2.000000e+02
     vertex  1.832994e+01 -8.000834e+00  0.000000e+00
     vertex  1.854253e+01 -7.494958e+00  0.000000e+00
   endloop
 endfacet
 facet normal  9.321804e-01 -3.619940e-01  0.000000e+00
   outer loop
     vertex  1.874117e+01 -6.983441e+00  2.000000e+02
     vertex  1.854253e+01 -7.494958e+00  2.000000e+02
     vertex  1.854253e+01 -7.494958e+00  0.000000e+00
   endloop
 endfacet
 facet normal  9.321804e-01 -3.619940e-01  0.000000e+00
   outer loop
     vertex  1.874117e+01 -6.983441e+00  2.000000e+02
     vertex  1.854253e+01 -7.494958e+00  0.000000e+00
     vertex  1.874117e+01 -6.983441e+00  0.000000e+00
   endloop
 endfacet
 facet normal  9.417605e-01 -3.362843e-01  0.000000e+00
   outer loop
     vertex  1.892570e+01 -6.466666e+00  2.000000e+02
     vertex  1.874117e+01 -6.983441e+00  2.000000e+02
     vertex  1.874117e+01 -6.983441e+00  0.000000e+00
   endloop
 endfacet
 facet normal  9.417605e-01 -3.362843e-01  0.000000e+00
   outer loop
     vertex  1.892570e+01 -6.466666e+00  2.000000e+02
     vertex  1.874117e+01 -6.983441e+00  0.000000e+00
     vertex  1.892570e+01 -6.466666e+00  0.000000e+00
   endloop
 endfacet
 facet normal  9.506317e-01 -3.103214e-01  0.000000e+00
   outer loop
     vertex  1.892570e+01 -6.466666e+00  2.000000e+02
     vertex  1.892570e+01 -6.466666e+00  0.000000e+00
     vertex  1.909599e+01 -5.945023e+00  0.000000e+00
   endloop
 endfacet
 facet normal  9.506317e-01 -3.103214e-01  0.000000e+00
   outer loop
     vertex  1.909599e+01 -5.945023e+00  2.000000e+02
     vertex  1.892570e+01 -6.466666e+00  2.000000e+02
     vertex  1.909599e+01 -5.945023e+00  0.000000e+00
   endloop
 endfacet
 facet normal  9.587873e-01 -2.841250e-01  0.000000e+00
   outer loop
     vertex  1.925190e+01 -5.418906e+00  2.000000e+02
     vertex  1.909599e+01 -5.945023e+00  2.000000e+02
     vertex  1.909599e+01 -5.945023e+00  0.000000e+00
   endloop
 endfacet
 facet normal  9.587873e-01 -2.841250e-01  0.000000e+00
   outer loop
     vertex  1.925190e+01 -5.418906e+00  2.000000e+02
     vertex  1.909599e+01 -5.945023e+00  0.000000e+00
     vertex  1.925190e+01 -5.418906e+00  0.000000e+00
   endloop
 endfacet
 facet normal  9.662211e-01 -2.577146e-01  0.000000e+00
   outer loop
     vertex  1.939331e+01 -4.888709e+00  2.000000e+02
     vertex  1.925190e+01 -5.418906e+00  2.000000e+02
     vertex  1.925190e+01 -5.418906e+00  0.000000e+00
   endloop
 endfacet
 facet normal  9.662211e-01 -2.577146e-01  0.000000e+00
   outer loop
     vertex  1.939331e+01 -4.888709e+00  2.000000e+02
     vertex  1.925190e+01 -5.418906e+00  0.000000e+00
     vertex  1.939331e+01 -4.888709e+00  0.000000e+00
   endloop
 endfacet
 facet normal  9.729276e-01 -2.311102e-01  0.000000e+00
   outer loop
     vertex  1.952013e+01 -4.354831e+00  2.000000e+02
     vertex  1.939331e+01 -4.888709e+00  2.000000e+02
     vertex  1.939331e+01 -4.888709e+00  0.000000e+00
   endloop
 endfacet
 facet normal  9.729276e-01 -2.311102e-01  0.000000e+00
   outer loop
     vertex  1.952013e+01 -4.354831e+00  2.000000e+02
     vertex  1.939331e+01 -4.888709e+00  0.000000e+00
     vertex  1.952013e+01 -4.354831e+00  0.000000e+00
   endloop
 endfacet
 facet normal  9.789017e-01 -2.043319e-01  0.000000e+00
   outer loop
     vertex  1.963225e+01 -3.817676e+00  2.000000e+02
     vertex  1.952013e+01 -4.354831e+00  2.000000e+02
     vertex  1.952013e+01 -4.354831e+00  0.000000e+00
   endloop
 endfacet
 facet normal  9.789017e-01 -2.043319e-01  0.000000e+00
   outer loop
     vertex  1.963225e+01 -3.817676e+00  2.000000e+02
     vertex  1.952013e+01 -4.354831e+00  0.000000e+00
     vertex  1.963225e+01 -3.817676e+00  0.000000e+00
   endloop
 endfacet
 facet normal  9.841389e-01 -1.773998e-01  0.000000e+00
   outer loop
     vertex  1.972960e+01 -3.277647e+00  2.000000e+02
     vertex  1.963225e+01 -3.817676e+00  2.000000e+02
     vertex  1.963225e+01 -3.817676e+00  0.000000e+00
   endloop
 endfacet
 facet normal  9.841389e-01 -1.773998e-01  0.000000e+00
   outer loop
     vertex  1.972960e+01 -3.277647e+00  2.000000e+02
     vertex  1.963225e+01 -3.817676e+00  0.000000e+00
     vertex  1.972960e+01 -3.277647e+00  0.000000e+00
   endloop
 endfacet
 facet normal  9.886353e-01 -1.503341e-01  0.000000e+00
   outer loop
     vertex  1.981209e+01 -2.735151e+00  2.000000e+02
     vertex  1.972960e+01 -3.277647e+00  2.000000e+02
     vertex  1.972960e+01 -3.277647e+00  0.000000e+00
   endloop
 endfacet
 facet normal  9.886353e-01 -1.503341e-01  0.000000e+00
   outer loop
     vertex  1.981209e+01 -2.735151e+00  2.000000e+02
     vertex  1.972960e+01 -3.277647e+00  0.000000e+00
     vertex  1.981209e+01 -2.735151e+00  0.000000e+00
   endloop
 endfacet
 facet normal  9.923874e-01 -1.231552e-01  0.000000e+00
   outer loop
     vertex  1.987967e+01 -2.190595e+00  2.000000e+02
     vertex  1.981209e+01 -2.735151e+00  2.000000e+02
     vertex  1.981209e+01 -2.735151e+00  0.000000e+00
   endloop
 endfacet
 facet normal  9.923874e-01 -1.231552e-01  0.000000e+00
   outer loop
     vertex  1.987967e+01 -2.190595e+00  2.000000e+02
     vertex  1.981209e+01 -2.735151e+00  0.000000e+00
     vertex  1.987967e+01 -2.190595e+00  0.000000e+00
   endloop
 endfacet
 facet normal  9.953925e-01 -9.588368e-02  0.000000e+00
   outer loop
     vertex  1.993228e+01 -1.644391e+00  2.000000e+02
     vertex  1.987967e+01 -2.190595e+00  0.000000e+00
     vertex  1.993228e+01 -1.644391e+00  0.000000e+00
   endloop
 endfacet
 facet normal  9.976484e-01 -6.853995e-02  0.000000e+00
   outer loop
     vertex  1.993228e+01 -1.644391e+00  2.000000e+02
     vertex  1.993228e+01 -1.644391e+00  0.000000e+00
     vertex  1.996989e+01 -1.096949e+00  0.000000e+00
   endloop
 endfacet
 facet normal  9.953925e-01 -9.588368e-02  0.000000e+00
   outer loop
     vertex  1.993228e+01 -1.644391e+00  2.000000e+02
     vertex  1.987967e+01 -2.190595e+00  2.000000e+02
     vertex  1.987967e+01 -2.190595e+00  0.000000e+00
   endloop
 endfacet
 facet normal  9.976484e-01 -6.853995e-02  0.000000e+00
   outer loop
     vertex  1.996989e+01 -1.096949e+00  2.000000e+02
     vertex  1.993228e+01 -1.644391e+00  2.000000e+02
     vertex  1.996989e+01 -1.096949e+00  0.000000e+00
   endloop
 endfacet
 facet normal  9.991532e-01 -4.114462e-02  0.000000e+00
   outer loop
     vertex  1.999247e+01 -5.486810e-01  2.000000e+02
     vertex  1.996989e+01 -1.096949e+00  0.000000e+00
     vertex  1.999247e+01 -5.486810e-01  0.000000e+00
   endloop
 endfacet
 facet normal  9.991532e-01 -4.114462e-02  0.000000e+00
   outer loop
     vertex  1.999247e+01 -5.486810e-01  2.000000e+02
     vertex  1.996989e+01 -1.096949e+00  2.000000e+02
     vertex  1.996989e+01 -1.096949e+00  0.000000e+00
   endloop
 endfacet
 facet normal  9.999059e-01 -1.371831e-02  0.000000e+00
   outer loop
     vertex  2.000000e+01 -4.898587e-15  2.000000e+02
     vertex  1.999247e+01 -5.486810e-01  0.000000e+00
     vertex  2.000000e+01 -4.898587e-15  0.000000e+00
   endloop
 endfacet
 facet normal  9.999059e-01 -1.371831e-02  0.000000e+00
   outer loop
     vertex  2.000000e+01 -4.898587e-15  2.000000e+02
     vertex  1.999247e+01 -5.486810e-01  2.000000e+02
     vertex  1.999247e+01 -5.486810e-01  0.000000e+00
   endloop
 endfacet
 facet normal  0.000000e+00  0.000000e+00  1.000000e+00
   outer loop
     vertex -1.298374e+01 -1.521257e+01  2.000000e+02
     vertex -1.379857e+01 -1.447755e+01  2.000000e+02
     vertex -1.339620e+01 -1.485065e+01  2.000000e+02
   endloop
 endfacet
 facet normal  0.000000e+00  0.000000e+00  1.000000e+00
   outer loop
     vertex -1.530127e+01 -1.287909e+01  2.000000e+02
     vertex -1.494219e+01 -1.329402e+01  2.000000e+02
     vertex -1.457186e+01 -1.369894e+01  2.000000e+02
   endloop
 endfacet
 facet normal  0.000000e+00  0.000000e+00  1.000000e+00
   outer loop
     vertex -1.256151e+01 -1.556304e+01  2.000000e+02
     vertex -1.457186e+01 -1.369894e+01  2.000000e+02
     vertex -1.419056e+01 -1.409355e+01  2.000000e+02
   endloop
 endfacet
 facet normal  0.000000e+00  0.000000e+00  1.000000e+00
   outer loop
     vertex -1.256151e+01 -1.556304e+01  2.000000e+02
     vertex -1.379857e+01 -1.447755e+01  2.000000e+02
     vertex -1.298374e+01 -1.521257e+01  2.000000e+02
   endloop
 endfacet
 facet normal  0.000000e+00  0.000000e+00  1.000000e+00
   outer loop
     vertex -1.256151e+01 -1.556304e+01  2.000000e+02
     vertex -1.419056e+01 -1.409355e+01  2.000000e+02
     vertex -1.379857e+01 -1.447755e+01  2.000000e+02
   endloop
 endfacet
 facet normal  0.000000e+00  0.000000e+00  1.000000e+00
   outer loop
     vertex -1.256151e+01 -1.556304e+01  2.000000e+02
     vertex -1.530127e+01 -1.287909e+01  2.000000e+02
     vertex -1.457186e+01 -1.369894e+01  2.000000e+02
   endloop
 endfacet
 facet normal  0.000000e+00  0.000000e+00  1.000000e+00
   outer loop
     vertex -1.123940e+01 -1.654315e+01  2.000000e+02
     vertex -1.256151e+01 -1.556304e+01  2.000000e+02
     vertex -1.212983e+01 -1.590180e+01  2.000000e+02
   endloop
 endfacet
 facet normal  0.000000e+00  0.000000e+00  1.000000e+00
   outer loop
     vertex -1.123940e+01 -1.654315e+01  2.000000e+02
     vertex -1.212983e+01 -1.590180e+01  2.000000e+02
     vertex -1.168901e+01 -1.622858e+01  2.000000e+02
   endloop
 endfacet
 facet normal  0.000000e+00  0.000000e+00  1.000000e+00
   outer loop
     vertex -1.661986e+01 -1.112566e+01  2.000000e+02
     vertex -1.630838e+01 -1.157742e+01  2.000000e+02
     vertex -1.598463e+01 -1.202047e+01  2.000000e+02
   endloop
 endfacet
 facet normal  0.000000e+00  0.000000e+00  1.000000e+00
   outer loop
     vertex -1.661986e+01 -1.112566e+01  2.000000e+02
     vertex -1.598463e+01 -1.202047e+01  2.000000e+02
     vertex -1.564884e+01 -1.245447e+01  2.000000e+02
   endloop
 endfacet
 facet normal  0.000000e+00  0.000000e+00  1.000000e+00
   outer loop
     vertex -1.691883e+01 -1.066552e+01  2.000000e+02
     vertex -1.564884e+01 -1.245447e+01  2.000000e+02
     vertex -1.530127e+01 -1.287909e+01  2.000000e+02
   endloop
 endfacet
 facet normal  0.000000e+00  0.000000e+00  1.000000e+00
   outer loop
     vertex -1.691883e+01 -1.066552e+01  2.000000e+02
     vertex -1.661986e+01 -1.112566e+01  2.000000e+02
     vertex -1.564884e+01 -1.245447e+01  2.000000e+02
   endloop
 endfacet
 facet normal  0.000000e+00  0.000000e+00  1.000000e+00
   outer loop
     vertex -1.031513e+01 -1.713470e+01  2.000000e+02
     vertex -1.123940e+01 -1.654315e+01  2.000000e+02
     vertex -1.078132e+01 -1.684527e+01  2.000000e+02
   endloop
 endfacet
 facet normal  0.000000e+00  0.000000e+00  1.000000e+00
   outer loop
     vertex -1.747833e+01 -9.721513e+00  2.000000e+02
     vertex -1.720506e+01 -1.019736e+01  2.000000e+02
     vertex -1.691883e+01 -1.066552e+01  2.000000e+02
   endloop
 endfacet
 facet normal  0.000000e+00  0.000000e+00  1.000000e+00
   outer loop
     vertex -1.747833e+01 -9.721513e+00  2.000000e+02
     vertex -1.530127e+01 -1.287909e+01  2.000000e+02
     vertex -1.256151e+01 -1.556304e+01  2.000000e+02
   endloop
 endfacet
 facet normal  0.000000e+00  0.000000e+00  1.000000e+00
   outer loop
     vertex -1.747833e+01 -9.721513e+00  2.000000e+02
     vertex -1.691883e+01 -1.066552e+01  2.000000e+02
     vertex -1.530127e+01 -1.287909e+01  2.000000e+02
   endloop
 endfacet
 facet normal  0.000000e+00  0.000000e+00  1.000000e+00
   outer loop
     vertex -1.773846e+01 -9.238352e+00  2.000000e+02
     vertex -1.747833e+01 -9.721513e+00  2.000000e+02
     vertex -1.256151e+01 -1.556304e+01  2.000000e+02
   endloop
 endfacet
 facet normal  0.000000e+00  0.000000e+00  1.000000e+00
   outer loop
     vertex -1.773846e+01 -9.238352e+00  2.000000e+02
     vertex -1.256151e+01 -1.556304e+01  2.000000e+02
     vertex -1.123940e+01 -1.654315e+01  2.000000e+02
   endloop
 endfacet
 facet normal  0.000000e+00  0.000000e+00  1.000000e+00
   outer loop
     vertex -1.773846e+01 -9.238352e+00  2.000000e+02
     vertex -1.123940e+01 -1.654315e+01  2.000000e+02
     vertex -1.031513e+01 -1.713470e+01  2.000000e+02
   endloop
 endfacet
 facet normal  0.000000e+00  0.000000e+00  1.000000e+00
   outer loop
     vertex -8.871398e+00 -1.792480e+01  2.000000e+02
     vertex -1.031513e+01 -1.713470e+01  2.000000e+02
     vertex -9.841174e+00 -1.741124e+01  2.000000e+02
   endloop
 endfacet
 facet normal  0.000000e+00  0.000000e+00  1.000000e+00
   outer loop
     vertex -8.871398e+00 -1.792480e+01  2.000000e+02
     vertex -9.841174e+00 -1.741124e+01  2.000000e+02
     vertex -9.359809e+00 -1.767467e+01  2.000000e+02
   endloop
 endfacet
 facet normal  0.000000e+00  0.000000e+00  1.000000e+00
   outer loop
     vertex -8.376309e+00 -1.816143e+01  2.000000e+02
     vertex -1.031513e+01 -1.713470e+01  2.000000e+02
     vertex -8.871398e+00 -1.792480e+01  2.000000e+02
   endloop
 endfacet
 facet normal  0.000000e+00  0.000000e+00  1.000000e+00
   outer loop
     vertex -1.864361e+01 -7.239881e+00  2.000000e+02
     vertex -1.843797e+01 -7.748625e+00  2.000000e+02
     vertex -1.821846e+01 -8.251537e+00  2.000000e+02
   endloop
 endfacet
 facet normal  0.000000e+00  0.000000e+00  1.000000e+00
   outer loop
     vertex -1.864361e+01 -7.239881e+00  2.000000e+02
     vertex -1.821846e+01 -8.251537e+00  2.000000e+02
     vertex -1.798523e+01 -8.748237e+00  2.000000e+02
   endloop
 endfacet
 facet normal  0.000000e+00  0.000000e+00  1.000000e+00
   outer loop
     vertex -1.864361e+01 -7.239881e+00  2.000000e+02
     vertex -1.798523e+01 -8.748237e+00  2.000000e+02
     vertex -1.773846e+01 -9.238352e+00  2.000000e+02
   endloop
 endfacet
 facet normal  0.000000e+00  0.000000e+00  1.000000e+00
   outer loop
     vertex -1.864361e+01 -7.239881e+00  2.000000e+02
     vertex -1.773846e+01 -9.238352e+00  2.000000e+02
     vertex -1.031513e+01 -1.713470e+01  2.000000e+02
   endloop
 endfacet
 facet normal  0.000000e+00  0.000000e+00  1.000000e+00
   outer loop
     vertex -6.854725e+00 -1.878863e+01  2.000000e+02
     vertex -8.376309e+00 -1.816143e+01  2.000000e+02
     vertex -7.874915e+00 -1.838439e+01  2.000000e+02
   endloop
 endfacet
 facet normal  0.000000e+00  0.000000e+00  1.000000e+00
   outer loop
     vertex -6.854725e+00 -1.878863e+01  2.000000e+02
     vertex -7.874915e+00 -1.838439e+01  2.000000e+02
     vertex -7.367593e+00 -1.859351e+01  2.000000e+02
   endloop
 endfacet
 facet normal  0.000000e+00  0.000000e+00  1.000000e+00
   outer loop
     vertex -6.854725e+00 -1.878863e+01  2.000000e+02
     vertex -1.031513e+01 -1.713470e+01  2.000000e+02
     vertex -8.376309e+00 -1.816143e+01  2.000000e+02
   endloop
 endfacet
 facet normal  0.000000e+00  0.000000e+00  1.000000e+00
   outer loop
     vertex -1.901263e+01 -6.206429e+00  2.000000e+02
     vertex -1.883521e+01 -6.725686e+00  2.000000e+02
     vertex -1.864361e+01 -7.239881e+00  2.000000e+02
   endloop
 endfacet
 facet normal  0.000000e+00  0.000000e+00  1.000000e+00
   outer loop
     vertex -1.917575e+01 -5.682499e+00  2.000000e+02
     vertex -1.901263e+01 -6.206429e+00  2.000000e+02
     vertex -1.864361e+01 -7.239881e+00  2.000000e+02
   endloop
 endfacet
 facet normal  0.000000e+00  0.000000e+00  1.000000e+00
   outer loop
     vertex -5.286723e+00 -1.928861e+01  2.000000e+02
     vertex -6.854725e+00 -1.878863e+01  2.000000e+02
     vertex -6.336696e+00 -1.896961e+01  2.000000e+02
   endloop
 endfacet
 facet normal  0.000000e+00  0.000000e+00  1.000000e+00
   outer loop
     vertex -5.286723e+00 -1.928861e+01  2.000000e+02
     vertex -6.336696e+00 -1.896961e+01  2.000000e+02
     vertex -5.813898e+00 -1.913632e+01  2.000000e+02
   endloop
 endfacet
 facet normal  0.000000e+00  0.000000e+00  1.000000e+00
   outer loop
     vertex -4.755569e+00 -1.942639e+01  2.000000e+02
     vertex -6.854725e+00 -1.878863e+01  2.000000e+02
     vertex -5.286723e+00 -1.928861e+01  2.000000e+02
   endloop
 endfacet
 facet normal  0.000000e+00  0.000000e+00  1.000000e+00
   outer loop
     vertex -3.682923e+00 -1.965798e+01  2.000000e+02
     vertex -4.755569e+00 -1.942639e+01  2.000000e+02
     vertex -4.220834e+00 -1.954954e+01  2.000000e+02
   endloop
 endfacet
 facet normal  0.000000e+00  0.000000e+00  1.000000e+00
   outer loop
     vertex -1.968278e+01 -3.547996e+00  2.000000e+02
     vertex -1.957803e+01 -4.086638e+00  2.000000e+02
     vertex -1.945855e+01 -4.622205e+00  2.000000e+02
   endloop
 endfacet
 facet normal  0.000000e+00  0.000000e+00  1.000000e+00
   outer loop
     vertex -1.968278e+01 -3.547996e+00  2.000000e+02
     vertex -1.945855e+01 -4.622205e+00  2.000000e+02
     vertex -1.932442e+01 -5.154292e+00  2.000000e+02
   endloop
 endfacet
 facet normal  0.000000e+00  0.000000e+00  1.000000e+00
   outer loop
     vertex -3.142238e+00 -1.975162e+01  2.000000e+02
     vertex -4.755569e+00 -1.942639e+01  2.000000e+02
     vertex -3.682923e+00 -1.965798e+01  2.000000e+02
   endloop
 endfacet
 facet normal  0.000000e+00  0.000000e+00  1.000000e+00
   outer loop
     vertex -1.977271e+01 -3.006682e+00  2.000000e+02
     vertex -1.968278e+01 -3.547996e+00  2.000000e+02
     vertex -1.932442e+01 -5.154292e+00  2.000000e+02
   endloop
 endfacet
 facet normal  0.000000e+00  0.000000e+00  1.000000e+00
   outer loop
     vertex -1.977271e+01 -3.006682e+00  2.000000e+02
     vertex -1.932442e+01 -5.154292e+00  2.000000e+02
     vertex -1.917575e+01 -5.682499e+00  2.000000e+02
   endloop
 endfacet
 facet normal  0.000000e+00  0.000000e+00  1.000000e+00
   outer loop
     vertex -1.507630e+00 -1.994310e+01  2.000000e+02
     vertex -2.599189e+00 -1.983039e+01  2.000000e+02
     vertex -2.054183e+00 -1.989423e+01  2.000000e+02
   endloop
 endfacet
 facet normal  0.000000e+00  0.000000e+00  1.000000e+00
   outer loop
     vertex -1.995297e+01 -1.370799e+00  2.000000e+02
     vertex -1.990785e+01 -1.917674e+00  2.000000e+02
     vertex -1.984775e+01 -2.463105e+00  2.000000e+02
   endloop
 endfacet
 facet normal  0.000000e+00  0.000000e+00  1.000000e+00
   outer loop
     vertex -9.599432e-01 -1.997695e+01  2.000000e+02
     vertex -4.755569e+00 -1.942639e+01  2.000000e+02
     vertex -3.142238e+00 -1.975162e+01  2.000000e+02
   endloop
 endfacet
 facet normal  0.000000e+00  0.000000e+00  1.000000e+00
   outer loop
     vertex -9.599432e-01 -1.997695e+01  2.000000e+02
     vertex -2.599189e+00 -1.983039e+01  2.000000e+02
     vertex -1.507630e+00 -1.994310e+01  2.000000e+02
   endloop
 endfacet
 facet normal  0.000000e+00  0.000000e+00  1.000000e+00
   outer loop
     vertex -9.599432e-01 -1.997695e+01  2.000000e+02
     vertex -3.142238e+00 -1.975162e+01  2.000000e+02
     vertex -2.599189e+00 -1.983039e+01  2.000000e+02
   endloop
 endfacet
 facet normal  0.000000e+00  0.000000e+00  1.000000e+00
   outer loop
     vertex -1.998306e+01 -8.228924e-01  2.000000e+02
     vertex -1.984775e+01 -2.463105e+00  2.000000e+02
     vertex -1.977271e+01 -3.006682e+00  2.000000e+02
   endloop
 endfacet
 facet normal  0.000000e+00  0.000000e+00  1.000000e+00
   outer loop
     vertex -1.998306e+01 -8.228924e-01  2.000000e+02
     vertex -1.995297e+01 -1.370799e+00  2.000000e+02
     vertex -1.984775e+01 -2.463105e+00  2.000000e+02
   endloop
 endfacet
 facet normal  0.000000e+00  0.000000e+00  1.000000e+00
   outer loop
     vertex -1.999812e+01 -2.743663e-01  2.000000e+02
     vertex -1.977271e+01 -3.006682e+00  2.000000e+02
     vertex -1.917575e+01 -5.682499e+00  2.000000e+02
   endloop
 endfacet
 facet normal  0.000000e+00  0.000000e+00  1.000000e+00
   outer loop
     vertex -1.999812e+01 -2.743663e-01  2.000000e+02
     vertex -1.998306e+01 -8.228924e-01  2.000000e+02
     vertex -1.977271e+01 -3.006682e+00  2.000000e+02
   endloop
 endfacet
 facet normal  0.000000e+00  0.000000e+00  1.000000e+00
   outer loop
     vertex  1.371864e-01 -1.999953e+01  2.000000e+02
     vertex -4.755569e+00 -1.942639e+01  2.000000e+02
     vertex -9.599432e-01 -1.997695e+01  2.000000e+02
   endloop
 endfacet
 facet normal  0.000000e+00  0.000000e+00  1.000000e+00
   outer loop
     vertex  1.371864e-01 -1.999953e+01  2.000000e+02
     vertex -9.599432e-01 -1.997695e+01  2.000000e+02
     vertex -4.115333e-01 -1.999577e+01  2.000000e+02
   endloop
 endfacet
 facet normal  0.000000e+00  0.000000e+00  1.000000e+00
   outer loop
     vertex -1.998306e+01  8.228924e-01  2.000000e+02
     vertex -1.999812e+01  2.743663e-01  2.000000e+02
     vertex -1.999812e+01 -2.743663e-01  2.000000e+02
   endloop
 endfacet
 facet normal  0.000000e+00  0.000000e+00  1.000000e+00
   outer loop
     vertex  1.233903e+00 -1.996190e+01  2.000000e+02
     vertex  1.371864e-01 -1.999953e+01  2.000000e+02
     vertex  6.858028e-01 -1.998824e+01  2.000000e+02
   endloop
 endfacet
 facet normal  0.000000e+00  0.000000e+00  1.000000e+00
   outer loop
     vertex  1.781074e+00 -1.992054e+01  2.000000e+02
     vertex  1.371864e-01 -1.999953e+01  2.000000e+02
     vertex  1.233903e+00 -1.996190e+01  2.000000e+02
   endloop
 endfacet
 facet normal  0.000000e+00  0.000000e+00  1.000000e+00
   outer loop
     vertex -1.984775e+01  2.463105e+00  2.000000e+02
     vertex -1.990785e+01  1.917674e+00  2.000000e+02
     vertex -1.995297e+01  1.370799e+00  2.000000e+02
   endloop
 endfacet
 facet normal  0.000000e+00  0.000000e+00  1.000000e+00
   outer loop
     vertex -1.984775e+01  2.463105e+00  2.000000e+02
     vertex -1.995297e+01  1.370799e+00  2.000000e+02
     vertex -1.998306e+01  8.228924e-01  2.000000e+02
   endloop
 endfacet
 facet normal  0.000000e+00  0.000000e+00  1.000000e+00
   outer loop
     vertex -1.984775e+01  2.463105e+00  2.000000e+02
     vertex -1.999812e+01 -2.743663e-01  2.000000e+02
     vertex -1.917575e+01 -5.682499e+00  2.000000e+02
   endloop
 endfacet
 facet normal  0.000000e+00  0.000000e+00  1.000000e+00
   outer loop
     vertex -1.984775e+01  2.463105e+00  2.000000e+02
     vertex -1.998306e+01  8.228924e-01  2.000000e+02
     vertex -1.999812e+01 -2.743663e-01  2.000000e+02
   endloop
 endfacet
 facet normal  0.000000e+00  0.000000e+00  1.000000e+00
   outer loop
     vertex  2.870984e+00 -1.979286e+01  2.000000e+02
     vertex  1.781074e+00 -1.992054e+01  2.000000e+02
     vertex  2.326905e+00 -1.986418e+01  2.000000e+02
   endloop
 endfacet
 facet normal  0.000000e+00  0.000000e+00  1.000000e+00
   outer loop
     vertex  3.412902e+00 -1.970665e+01  2.000000e+02
     vertex  1.781074e+00 -1.992054e+01  2.000000e+02
     vertex  2.870984e+00 -1.979286e+01  2.000000e+02
   endloop
 endfacet
 facet normal  0.000000e+00  0.000000e+00  1.000000e+00
   outer loop
     vertex -1.968278e+01  3.547996e+00  2.000000e+02
     vertex -1.977271e+01  3.006682e+00  2.000000e+02
     vertex -1.984775e+01  2.463105e+00  2.000000e+02
   endloop
 endfacet
 facet normal  0.000000e+00  0.000000e+00  1.000000e+00
   outer loop
     vertex  3.952250e+00 -1.960560e+01  2.000000e+02
     vertex  1.781074e+00 -1.992054e+01  2.000000e+02
     vertex  3.412902e+00 -1.970665e+01  2.000000e+02
   endloop
 endfacet
 facet normal  0.000000e+00  0.000000e+00  1.000000e+00
   outer loop
     vertex -1.945855e+01  4.622205e+00  2.000000e+02
     vertex -1.957803e+01  4.086638e+00  2.000000e+02
     vertex -1.968278e+01  3.547996e+00  2.000000e+02
   endloop
 endfacet
 facet normal  0.000000e+00  0.000000e+00  1.000000e+00
   outer loop
     vertex  5.550833e+00 -1.921427e+01  2.000000e+02
     vertex  1.781074e+00 -1.992054e+01  2.000000e+02
     vertex  3.952250e+00 -1.960560e+01  2.000000e+02
   endloop
 endfacet
 facet normal  0.000000e+00  0.000000e+00  1.000000e+00
   outer loop
     vertex  5.550833e+00 -1.921427e+01  2.000000e+02
     vertex  3.952250e+00 -1.960560e+01  2.000000e+02
     vertex  4.488624e+00 -1.948980e+01  2.000000e+02
   endloop
 endfacet
 facet normal  0.000000e+00  0.000000e+00  1.000000e+00
   outer loop
     vertex  5.550833e+00 -1.921427e+01  2.000000e+02
     vertex  4.488624e+00 -1.948980e+01  2.000000e+02
     vertex  5.021618e+00 -1.935932e+01  2.000000e+02
   endloop
 endfacet
 facet normal  0.000000e+00  0.000000e+00  1.000000e+00
   outer loop
     vertex -1.917575e+01  5.682499e+00  2.000000e+02
     vertex -1.932442e+01  5.154292e+00  2.000000e+02
     vertex -1.945855e+01  4.622205e+00  2.000000e+02
   endloop
 endfacet
 facet normal  0.000000e+00  0.000000e+00  1.000000e+00
   outer loop
     vertex -1.917575e+01  5.682499e+00  2.000000e+02
     vertex -1.984775e+01  2.463105e+00  2.000000e+02
     vertex -1.917575e+01 -5.682499e+00  2.000000e+02
   endloop
 endfacet
 facet normal  0.000000e+00  0.000000e+00  1.000000e+00
   outer loop
     vertex -1.917575e+01  5.682499e+00  2.000000e+02
     vertex -1.968278e+01  3.547996e+00  2.000000e+02
     vertex -1.984775e+01  2.463105e+00  2.000000e+02
   endloop
 endfacet
 facet normal  0.000000e+00  0.000000e+00  1.000000e+00
   outer loop
     vertex -1.917575e+01  5.682499e+00  2.000000e+02
     vertex -1.945855e+01  4.622205e+00  2.000000e+02
     vertex -1.968278e+01  3.547996e+00  2.000000e+02
   endloop
 endfacet
 facet normal  0.000000e+00  0.000000e+00  1.000000e+00
   outer loop
     vertex  6.075869e+00 -1.905476e+01  2.000000e+02
     vertex  1.371864e-01 -1.999953e+01  2.000000e+02
     vertex  1.781074e+00 -1.992054e+01  2.000000e+02
   endloop
 endfacet
 facet normal  0.000000e+00  0.000000e+00  1.000000e+00
   outer loop
     vertex  6.075869e+00 -1.905476e+01  2.000000e+02
     vertex  1.781074e+00 -1.992054e+01  2.000000e+02
     vertex  5.550833e+00 -1.921427e+01  2.000000e+02
   endloop
 endfacet
 facet normal  0.000000e+00  0.000000e+00  1.000000e+00
   outer loop
     vertex -1.883521e+01  6.725686e+00  2.000000e+02
     vertex -1.901263e+01  6.206429e+00  2.000000e+02
     vertex -1.917575e+01  5.682499e+00  2.000000e+02
   endloop
 endfacet
 facet normal  0.000000e+00  0.000000e+00  1.000000e+00
   outer loop
     vertex -1.864361e+01  7.239881e+00  2.000000e+02
     vertex -1.883521e+01  6.725686e+00  2.000000e+02
     vertex -1.917575e+01  5.682499e+00  2.000000e+02
   endloop
 endfacet
 facet normal  0.000000e+00  0.000000e+00  1.000000e+00
   outer loop
     vertex  7.621971e+00 -1.849069e+01  2.000000e+02
     vertex  6.075869e+00 -1.905476e+01  2.000000e+02
     vertex  6.596331e+00 -1.888090e+01  2.000000e+02
   endloop
 endfacet
 facet normal  0.000000e+00  0.000000e+00  1.000000e+00
   outer loop
     vertex  7.621971e+00 -1.849069e+01  2.000000e+02
     vertex  6.596331e+00 -1.888090e+01  2.000000e+02
     vertex  7.111828e+00 -1.869283e+01  2.000000e+02
   endloop
 endfacet
 facet normal  0.000000e+00  0.000000e+00  1.000000e+00
   outer loop
     vertex -1.821846e+01  8.251537e+00  2.000000e+02
     vertex -1.843797e+01  7.748625e+00  2.000000e+02
     vertex -1.864361e+01  7.239881e+00  2.000000e+02
   endloop
 endfacet
 facet normal  0.000000e+00  0.000000e+00  1.000000e+00
   outer loop
     vertex -1.821846e+01  8.251537e+00  2.000000e+02
     vertex -1.864361e+01  7.239881e+00  2.000000e+02
     vertex -1.917575e+01  5.682499e+00  2.000000e+02
   endloop
 endfacet
 facet normal  0.000000e+00  0.000000e+00  1.000000e+00
   outer loop
     vertex  9.116461e+00 -1.780141e+01  2.000000e+02
     vertex  7.621971e+00 -1.849069e+01  2.000000e+02
     vertex  8.126377e+00 -1.827463e+01  2.000000e+02
   endloop
 endfacet
 facet normal  0.000000e+00  0.000000e+00  1.000000e+00
   outer loop
     vertex  9.116461e+00 -1.780141e+01  2.000000e+02
     vertex  8.126377e+00 -1.827463e+01  2.000000e+02
     vertex  8.624665e+00 -1.804481e+01  2.000000e+02
   endloop
 endfacet
 facet normal  0.000000e+00  0.000000e+00  1.000000e+00
   outer loop
     vertex  9.116461e+00 -1.780141e+01  2.000000e+02
     vertex  6.075869e+00 -1.905476e+01  2.000000e+02
     vertex  7.621971e+00 -1.849069e+01  2.000000e+02
   endloop
 endfacet
 facet normal  0.000000e+00  0.000000e+00  1.000000e+00
   outer loop
     vertex  9.601395e+00 -1.754461e+01  2.000000e+02
     vertex  6.075869e+00 -1.905476e+01  2.000000e+02
     vertex  9.116461e+00 -1.780141e+01  2.000000e+02
   endloop
 endfacet
 facet normal  0.000000e+00  0.000000e+00  1.000000e+00
   outer loop
     vertex -1.747833e+01  9.721513e+00  2.000000e+02
     vertex -1.821846e+01  8.251537e+00  2.000000e+02
     vertex -1.917575e+01  5.682499e+00  2.000000e+02
   endloop
 endfacet
 facet normal  0.000000e+00  0.000000e+00  1.000000e+00
   outer loop
     vertex -1.747833e+01  9.721513e+00  2.000000e+02
     vertex -1.917575e+01  5.682499e+00  2.000000e+02
     vertex -1.917575e+01 -5.682499e+00  2.000000e+02
   endloop
 endfacet
 facet normal  0.000000e+00  0.000000e+00  1.000000e+00
   outer loop
     vertex -1.747833e+01  9.721513e+00  2.000000e+02
     vertex -1.773846e+01  9.238352e+00  2.000000e+02
     vertex -1.798523e+01  8.748237e+00  2.000000e+02
   endloop
 endfacet
 facet normal  0.000000e+00  0.000000e+00  1.000000e+00
   outer loop
     vertex -1.747833e+01  9.721513e+00  2.000000e+02
     vertex -1.798523e+01  8.748237e+00  2.000000e+02
     vertex -1.821846e+01  8.251537e+00  2.000000e+02
   endloop
 endfacet
 facet normal  0.000000e+00  0.000000e+00  1.000000e+00
   outer loop
     vertex -1.691883e+01  1.066552e+01  2.000000e+02
     vertex -1.720506e+01  1.019736e+01  2.000000e+02
     vertex -1.747833e+01  9.721513e+00  2.000000e+02
   endloop
 endfacet
 facet normal  0.000000e+00  0.000000e+00  1.000000e+00
   outer loop
     vertex  1.101140e+01 -1.669578e+01  2.000000e+02
     vertex -6.854725e+00 -1.878863e+01  2.000000e+02
     vertex -4.755569e+00 -1.942639e+01  2.000000e+02
   endloop
 endfacet
 facet normal  0.000000e+00  0.000000e+00  1.000000e+00
   outer loop
     vertex  1.101140e+01 -1.669578e+01  2.000000e+02
     vertex  6.075869e+00 -1.905476e+01  2.000000e+02
     vertex  9.601395e+00 -1.754461e+01  2.000000e+02
   endloop
 endfacet
 facet normal  0.000000e+00  0.000000e+00  1.000000e+00
   outer loop
     vertex  1.101140e+01 -1.669578e+01  2.000000e+02
     vertex -4.755569e+00 -1.942639e+01  2.000000e+02
     vertex  1.371864e-01 -1.999953e+01  2.000000e+02
   endloop
 endfacet
 facet normal  0.000000e+00  0.000000e+00  1.000000e+00
   outer loop
     vertex  1.101140e+01 -1.669578e+01  2.000000e+02
     vertex  1.371864e-01 -1.999953e+01  2.000000e+02
     vertex  6.075869e+00 -1.905476e+01  2.000000e+02
   endloop
 endfacet
 facet normal  0.000000e+00  0.000000e+00  1.000000e+00
   outer loop
     vertex  1.101140e+01 -1.669578e+01  2.000000e+02
     vertex -1.864361e+01 -7.239881e+00  2.000000e+02
     vertex -1.031513e+01 -1.713470e+01  2.000000e+02
   endloop
 endfacet
 facet normal  0.000000e+00  0.000000e+00  1.000000e+00
   outer loop
     vertex  1.101140e+01 -1.669578e+01  2.000000e+02
     vertex  9.601395e+00 -1.754461e+01  2.000000e+02
     vertex  1.007910e+01 -1.727460e+01  2.000000e+02
   endloop
 endfacet
 facet normal  0.000000e+00  0.000000e+00  1.000000e+00
   outer loop
     vertex  1.101140e+01 -1.669578e+01  2.000000e+02
     vertex  1.007910e+01 -1.727460e+01  2.000000e+02
     vertex  1.054922e+01 -1.699159e+01  2.000000e+02
   endloop
 endfacet
 facet normal  0.000000e+00  0.000000e+00  1.000000e+00
   outer loop
     vertex  1.101140e+01 -1.669578e+01  2.000000e+02
     vertex -1.031513e+01 -1.713470e+01  2.000000e+02
     vertex -6.854725e+00 -1.878863e+01  2.000000e+02
   endloop
 endfacet
 facet normal  0.000000e+00  0.000000e+00  1.000000e+00
   outer loop
     vertex -1.661986e+01  1.112566e+01  2.000000e+02
     vertex -1.691883e+01  1.066552e+01  2.000000e+02
     vertex -1.747833e+01  9.721513e+00  2.000000e+02
   endloop
 endfacet
 facet normal  0.000000e+00  0.000000e+00  1.000000e+00
   outer loop
     vertex -1.630838e+01  1.157742e+01  2.000000e+02
     vertex -1.661986e+01  1.112566e+01  2.000000e+02
     vertex -1.747833e+01  9.721513e+00  2.000000e+02
   endloop
 endfacet
 facet normal  0.000000e+00  0.000000e+00  1.000000e+00
   outer loop
     vertex  1.191054e+01 -1.606670e+01  2.000000e+02
     vertex  1.101140e+01 -1.669578e+01  2.000000e+02
     vertex  1.146528e+01 -1.638741e+01  2.000000e+02
   endloop
 endfacet
 facet normal  0.000000e+00  0.000000e+00  1.000000e+00
   outer loop
     vertex -1.564884e+01  1.245447e+01  2.000000e+02
     vertex -1.917575e+01 -5.682499e+00  2.000000e+02
     vertex -1.864361e+01 -7.239881e+00  2.000000e+02
   endloop
 endfacet
 facet normal  0.000000e+00  0.000000e+00  1.000000e+00
   outer loop
     vertex -1.564884e+01  1.245447e+01  2.000000e+02
     vertex -1.747833e+01  9.721513e+00  2.000000e+02
     vertex -1.917575e+01 -5.682499e+00  2.000000e+02
   endloop
 endfacet
 facet normal  0.000000e+00  0.000000e+00  1.000000e+00
   outer loop
     vertex -1.564884e+01  1.245447e+01  2.000000e+02
     vertex -1.630838e+01  1.157742e+01  2.000000e+02
     vertex -1.747833e+01  9.721513e+00  2.000000e+02
   endloop
 endfacet
 facet normal  0.000000e+00  0.000000e+00  1.000000e+00
   outer loop
     vertex -1.564884e+01  1.245447e+01  2.000000e+02
     vertex -1.598463e+01  1.202047e+01  2.000000e+02
     vertex -1.630838e+01  1.157742e+01  2.000000e+02
   endloop
 endfacet
 facet normal  0.000000e+00  0.000000e+00  1.000000e+00
   outer loop
     vertex  1.277383e+01 -1.538926e+01  2.000000e+02
     vertex  1.191054e+01 -1.606670e+01  2.000000e+02
     vertex  1.234683e+01 -1.573390e+01  2.000000e+02
   endloop
 endfacet
 facet normal  0.000000e+00  0.000000e+00  1.000000e+00
   outer loop
     vertex  1.399588e+01 -1.428689e+01  2.000000e+02
     vertex  1.191054e+01 -1.606670e+01  2.000000e+02
     vertex  1.277383e+01 -1.538926e+01  2.000000e+02
   endloop
 endfacet
 facet normal  0.000000e+00  0.000000e+00  1.000000e+00
   outer loop
     vertex  1.399588e+01 -1.428689e+01  2.000000e+02
     vertex  1.277383e+01 -1.538926e+01  2.000000e+02
     vertex  1.319121e+01 -1.503303e+01  2.000000e+02
   endloop
 endfacet
 facet normal  0.000000e+00  0.000000e+00  1.000000e+00
   outer loop
     vertex  1.399588e+01 -1.428689e+01  2.000000e+02
     vertex  1.319121e+01 -1.503303e+01  2.000000e+02
     vertex  1.359867e+01 -1.466548e+01  2.000000e+02
   endloop
 endfacet
 facet normal  0.000000e+00  0.000000e+00  1.000000e+00
   outer loop
     vertex -1.379857e+01  1.447755e+01  2.000000e+02
     vertex -1.419056e+01  1.409355e+01  2.000000e+02
     vertex -1.457186e+01  1.369894e+01  2.000000e+02
   endloop
 endfacet
 facet normal  0.000000e+00  0.000000e+00  1.000000e+00
   outer loop
     vertex -1.379857e+01  1.447755e+01  2.000000e+02
     vertex -1.457186e+01  1.369894e+01  2.000000e+02
     vertex -1.494219e+01  1.329402e+01  2.000000e+02
   endloop
 endfacet
 facet normal  0.000000e+00  0.000000e+00  1.000000e+00
   outer loop
     vertex -1.379857e+01  1.447755e+01  2.000000e+02
     vertex -1.494219e+01  1.329402e+01  2.000000e+02
     vertex -1.530127e+01  1.287909e+01  2.000000e+02
   endloop
 endfacet
 facet normal  0.000000e+00  0.000000e+00  1.000000e+00
   outer loop
     vertex -1.379857e+01  1.447755e+01  2.000000e+02
     vertex -1.530127e+01  1.287909e+01  2.000000e+02
     vertex -1.564884e+01  1.245447e+01  2.000000e+02
   endloop
 endfacet
 facet normal  0.000000e+00  0.000000e+00  1.000000e+00
   outer loop
     vertex  1.512316e+01 -1.308779e+01  2.000000e+02
     vertex  1.438256e+01 -1.389755e+01  2.000000e+02
     vertex  1.475841e+01 -1.349775e+01  2.000000e+02
   endloop
 endfacet
 facet normal  0.000000e+00  0.000000e+00  1.000000e+00
   outer loop
     vertex -1.298374e+01  1.521257e+01  2.000000e+02
     vertex -1.339620e+01  1.485065e+01  2.000000e+02
     vertex -1.379857e+01  1.447755e+01  2.000000e+02
   endloop
 endfacet
 facet normal  0.000000e+00  0.000000e+00  1.000000e+00
   outer loop
     vertex  1.547651e+01 -1.266797e+01  2.000000e+02
     vertex  1.101140e+01 -1.669578e+01  2.000000e+02
     vertex  1.191054e+01 -1.606670e+01  2.000000e+02
   endloop
 endfacet
 facet normal  0.000000e+00  0.000000e+00  1.000000e+00
   outer loop
     vertex  1.547651e+01 -1.266797e+01  2.000000e+02
     vertex  1.438256e+01 -1.389755e+01  2.000000e+02
     vertex  1.512316e+01 -1.308779e+01  2.000000e+02
   endloop
 endfacet
 facet normal  0.000000e+00  0.000000e+00  1.000000e+00
   outer loop
     vertex  1.547651e+01 -1.266797e+01  2.000000e+02
     vertex  1.191054e+01 -1.606670e+01  2.000000e+02
     vertex  1.399588e+01 -1.428689e+01  2.000000e+02
   endloop
 endfacet
 facet normal  0.000000e+00  0.000000e+00  1.000000e+00
   outer loop
     vertex  1.547651e+01 -1.266797e+01  2.000000e+02
     vertex  1.399588e+01 -1.428689e+01  2.000000e+02
     vertex  1.438256e+01 -1.389755e+01  2.000000e+02
   endloop
 endfacet
 facet normal  0.000000e+00  0.000000e+00  1.000000e+00
   outer loop
     vertex  1.614802e+01 -1.180006e+01  2.000000e+02
     vertex  1.547651e+01 -1.266797e+01  2.000000e+02
     vertex  1.581822e+01 -1.223862e+01  2.000000e+02
   endloop
 endfacet
 facet normal  0.000000e+00  0.000000e+00  1.000000e+00
   outer loop
     vertex  1.614802e+01 -1.180006e+01  2.000000e+02
     vertex  1.101140e+01 -1.669578e+01  2.000000e+02
     vertex  1.547651e+01 -1.266797e+01  2.000000e+02
   endloop
 endfacet
 facet normal  0.000000e+00  0.000000e+00  1.000000e+00
   outer loop
     vertex -1.168901e+01  1.622858e+01  2.000000e+02
     vertex -1.212983e+01  1.590180e+01  2.000000e+02
     vertex -1.256151e+01  1.556304e+01  2.000000e+02
   endloop
 endfacet
 facet normal  0.000000e+00  0.000000e+00  1.000000e+00
   outer loop
     vertex  1.646567e+01 -1.135261e+01  2.000000e+02
     vertex  1.101140e+01 -1.669578e+01  2.000000e+02
     vertex  1.614802e+01 -1.180006e+01  2.000000e+02
   endloop
 endfacet
 facet normal  0.000000e+00  0.000000e+00  1.000000e+00
   outer loop
     vertex -1.078132e+01  1.684527e+01  2.000000e+02
     vertex -1.379857e+01  1.447755e+01  2.000000e+02
     vertex -1.564884e+01  1.245447e+01  2.000000e+02
   endloop
 endfacet
 facet normal  0.000000e+00  0.000000e+00  1.000000e+00
   outer loop
     vertex -1.078132e+01  1.684527e+01  2.000000e+02
     vertex -1.298374e+01  1.521257e+01  2.000000e+02
     vertex -1.379857e+01  1.447755e+01  2.000000e+02
   endloop
 endfacet
 facet normal  0.000000e+00  0.000000e+00  1.000000e+00
   outer loop
     vertex -1.078132e+01  1.684527e+01  2.000000e+02
     vertex -1.123940e+01  1.654315e+01  2.000000e+02
     vertex -1.168901e+01  1.622858e+01  2.000000e+02
   endloop
 endfacet
 facet normal  0.000000e+00  0.000000e+00  1.000000e+00
   outer loop
     vertex -1.078132e+01  1.684527e+01  2.000000e+02
     vertex -1.168901e+01  1.622858e+01  2.000000e+02
     vertex -1.256151e+01  1.556304e+01  2.000000e+02
   endloop
 endfacet
 facet normal  0.000000e+00  0.000000e+00  1.000000e+00
   outer loop
     vertex -1.078132e+01  1.684527e+01  2.000000e+02
     vertex -1.256151e+01  1.556304e+01  2.000000e+02
     vertex -1.298374e+01  1.521257e+01  2.000000e+02
   endloop
 endfacet
 facet normal  0.000000e+00  0.000000e+00  1.000000e+00
   outer loop
     vertex  1.706355e+01 -1.043242e+01  2.000000e+02
     vertex  1.646567e+01 -1.135261e+01  2.000000e+02
     vertex  1.677092e+01 -1.089662e+01  2.000000e+02
   endloop
 endfacet
 facet normal  0.000000e+00  0.000000e+00  1.000000e+00
   outer loop
     vertex  1.734333e+01 -9.960371e+00  2.000000e+02
     vertex  1.101140e+01 -1.669578e+01  2.000000e+02
     vertex  1.646567e+01 -1.135261e+01  2.000000e+02
   endloop
 endfacet
 facet normal  0.000000e+00  0.000000e+00  1.000000e+00
   outer loop
     vertex  1.734333e+01 -9.960371e+00  2.000000e+02
     vertex  1.646567e+01 -1.135261e+01  2.000000e+02
     vertex  1.706355e+01 -1.043242e+01  2.000000e+02
   endloop
 endfacet
 facet normal  0.000000e+00  0.000000e+00  1.000000e+00
   outer loop
     vertex -9.359809e+00  1.767467e+01  2.000000e+02
     vertex -9.841174e+00  1.741124e+01  2.000000e+02
     vertex -1.031513e+01  1.713470e+01  2.000000e+02
   endloop
 endfacet
 facet normal  0.000000e+00  0.000000e+00  1.000000e+00
   outer loop
     vertex -8.871398e+00  1.792480e+01  2.000000e+02
     vertex -1.031513e+01  1.713470e+01  2.000000e+02
     vertex -1.078132e+01  1.684527e+01  2.000000e+02
   endloop
 endfacet
 facet normal  0.000000e+00  0.000000e+00  1.000000e+00
   outer loop
     vertex -8.871398e+00  1.792480e+01  2.000000e+02
     vertex -9.359809e+00  1.767467e+01  2.000000e+02
     vertex -1.031513e+01  1.713470e+01  2.000000e+02
   endloop
 endfacet
 facet normal  0.000000e+00  0.000000e+00  1.000000e+00
   outer loop
     vertex  1.810354e+01 -8.500687e+00  2.000000e+02
     vertex  1.734333e+01 -9.960371e+00  2.000000e+02
     vertex  1.761005e+01 -9.480825e+00  2.000000e+02
   endloop
 endfacet
 facet normal  0.000000e+00  0.000000e+00  1.000000e+00
   outer loop
     vertex  1.810354e+01 -8.500687e+00  2.000000e+02
     vertex  1.761005e+01 -9.480825e+00  2.000000e+02
     vertex  1.786352e+01 -8.994141e+00  2.000000e+02
   endloop
 endfacet
 facet normal  0.000000e+00  0.000000e+00  1.000000e+00
   outer loop
     vertex  1.810354e+01 -8.500687e+00  2.000000e+02
     vertex  1.101140e+01 -1.669578e+01  2.000000e+02
     vertex  1.734333e+01 -9.960371e+00  2.000000e+02
   endloop
 endfacet
 facet normal  0.000000e+00  0.000000e+00  1.000000e+00
   outer loop
     vertex -8.376309e+00  1.816143e+01  2.000000e+02
     vertex -8.871398e+00  1.792480e+01  2.000000e+02
     vertex -1.078132e+01  1.684527e+01  2.000000e+02
   endloop
 endfacet
 facet normal  0.000000e+00  0.000000e+00  1.000000e+00
   outer loop
     vertex  1.854253e+01 -7.494958e+00  2.000000e+02
     vertex  1.810354e+01 -8.500687e+00  2.000000e+02
     vertex  1.832994e+01 -8.000834e+00  2.000000e+02
   endloop
 endfacet
 facet normal  0.000000e+00  0.000000e+00  1.000000e+00
   outer loop
     vertex  1.854253e+01 -7.494958e+00  2.000000e+02
     vertex -1.864361e+01 -7.239881e+00  2.000000e+02
     vertex  1.101140e+01 -1.669578e+01  2.000000e+02
   endloop
 endfacet
 facet normal  0.000000e+00  0.000000e+00  1.000000e+00
   outer loop
     vertex  1.854253e+01 -7.494958e+00  2.000000e+02
     vertex -1.564884e+01  1.245447e+01  2.000000e+02
     vertex -1.864361e+01 -7.239881e+00  2.000000e+02
   endloop
 endfacet
 facet normal  0.000000e+00  0.000000e+00  1.000000e+00
   outer loop
     vertex  1.854253e+01 -7.494958e+00  2.000000e+02
     vertex  1.101140e+01 -1.669578e+01  2.000000e+02
     vertex  1.810354e+01 -8.500687e+00  2.000000e+02
   endloop
 endfacet
 facet normal  0.000000e+00  0.000000e+00  1.000000e+00
   outer loop
     vertex -7.367593e+00  1.859351e+01  2.000000e+02
     vertex -8.376309e+00  1.816143e+01  2.000000e+02
     vertex -1.078132e+01  1.684527e+01  2.000000e+02
   endloop
 endfacet
 facet normal  0.000000e+00  0.000000e+00  1.000000e+00
   outer loop
     vertex -7.367593e+00  1.859351e+01  2.000000e+02
     vertex -7.874915e+00  1.838439e+01  2.000000e+02
     vertex -8.376309e+00  1.816143e+01  2.000000e+02
   endloop
 endfacet
 facet normal  0.000000e+00  0.000000e+00  1.000000e+00
   outer loop
     vertex  1.909599e+01 -5.945023e+00  2.000000e+02
     vertex  1.854253e+01 -7.494958e+00  2.000000e+02
     vertex  1.874117e+01 -6.983441e+00  2.000000e+02
   endloop
 endfacet
 facet normal  0.000000e+00  0.000000e+00  1.000000e+00
   outer loop
     vertex  1.909599e+01 -5.945023e+00  2.000000e+02
     vertex  1.874117e+01 -6.983441e+00  2.000000e+02
     vertex  1.892570e+01 -6.466666e+00  2.000000e+02
   endloop
 endfacet
 facet normal  0.000000e+00  0.000000e+00  1.000000e+00
   outer loop
     vertex  1.939331e+01 -4.888709e+00  2.000000e+02
     vertex  1.909599e+01 -5.945023e+00  2.000000e+02
     vertex  1.925190e+01 -5.418906e+00  2.000000e+02
   endloop
 endfacet
 facet normal  0.000000e+00  0.000000e+00  1.000000e+00
   outer loop
     vertex  1.939331e+01 -4.888709e+00  2.000000e+02
     vertex  1.854253e+01 -7.494958e+00  2.000000e+02
     vertex  1.909599e+01 -5.945023e+00  2.000000e+02
   endloop
 endfacet
 facet normal  0.000000e+00  0.000000e+00  1.000000e+00
   outer loop
     vertex -4.755569e+00  1.942639e+01  2.000000e+02
     vertex -5.286723e+00  1.928861e+01  2.000000e+02
     vertex -5.813898e+00  1.913632e+01  2.000000e+02
   endloop
 endfacet
 facet normal  0.000000e+00  0.000000e+00  1.000000e+00
   outer loop
     vertex  1.963225e+01 -3.817676e+00  2.000000e+02
     vertex  1.939331e+01 -4.888709e+00  2.000000e+02
     vertex  1.952013e+01 -4.354831e+00  2.000000e+02
   endloop
 endfacet
 facet normal  0.000000e+00  0.000000e+00  1.000000e+00
   outer loop
     vertex -3.682923e+00  1.965798e+01  2.000000e+02
     vertex -4.755569e+00  1.942639e+01  2.000000e+02
     vertex -5.813898e+00  1.913632e+01  2.000000e+02
   endloop
 endfacet
 facet normal  0.000000e+00  0.000000e+00  1.000000e+00
   outer loop
     vertex -3.682923e+00  1.965798e+01  2.000000e+02
     vertex -4.220834e+00  1.954954e+01  2.000000e+02
     vertex -4.755569e+00  1.942639e+01  2.000000e+02
   endloop
 endfacet
 facet normal  0.000000e+00  0.000000e+00  1.000000e+00
   outer loop
     vertex -3.682923e+00  1.965798e+01  2.000000e+02
     vertex -5.813898e+00  1.913632e+01  2.000000e+02
     vertex -6.336696e+00  1.896961e+01  2.000000e+02
   endloop
 endfacet
 facet normal  0.000000e+00  0.000000e+00  1.000000e+00
   outer loop
     vertex  1.972960e+01 -3.277647e+00  2.000000e+02
     vertex  1.939331e+01 -4.888709e+00  2.000000e+02
     vertex  1.963225e+01 -3.817676e+00  2.000000e+02
   endloop
 endfacet
 facet normal  0.000000e+00  0.000000e+00  1.000000e+00
   outer loop
     vertex  1.972960e+01 -3.277647e+00  2.000000e+02
     vertex  1.854253e+01 -7.494958e+00  2.000000e+02
     vertex  1.939331e+01 -4.888709e+00  2.000000e+02
   endloop
 endfacet
 facet normal  0.000000e+00  0.000000e+00  1.000000e+00
   outer loop
     vertex -3.142238e+00  1.975162e+01  2.000000e+02
     vertex -3.682923e+00  1.965798e+01  2.000000e+02
     vertex -6.336696e+00  1.896961e+01  2.000000e+02
   endloop
 endfacet
 facet normal  0.000000e+00  0.000000e+00  1.000000e+00
   outer loop
     vertex -3.142238e+00  1.975162e+01  2.000000e+02
     vertex -6.336696e+00  1.896961e+01  2.000000e+02
     vertex -6.854725e+00  1.878863e+01  2.000000e+02
   endloop
 endfacet
 facet normal  0.000000e+00  0.000000e+00  1.000000e+00
   outer loop
     vertex -2.599189e+00  1.983039e+01  2.000000e+02
     vertex -3.142238e+00  1.975162e+01  2.000000e+02
     vertex -6.854725e+00  1.878863e+01  2.000000e+02
   endloop
 endfacet
 facet normal  0.000000e+00  0.000000e+00  1.000000e+00
   outer loop
     vertex  1.987967e+01 -2.190595e+00  2.000000e+02
     vertex  1.972960e+01 -3.277647e+00  2.000000e+02
     vertex  1.981209e+01 -2.735151e+00  2.000000e+02
   endloop
 endfacet
 facet normal  0.000000e+00  0.000000e+00  1.000000e+00
   outer loop
     vertex  1.987967e+01 -2.190595e+00  2.000000e+02
     vertex  1.854253e+01 -7.494958e+00  2.000000e+02
     vertex  1.972960e+01 -3.277647e+00  2.000000e+02
   endloop
 endfacet
 facet normal  0.000000e+00  0.000000e+00  1.000000e+00
   outer loop
     vertex -1.507630e+00  1.994310e+01  2.000000e+02
     vertex -2.599189e+00  1.983039e+01  2.000000e+02
     vertex -6.854725e+00  1.878863e+01  2.000000e+02
   endloop
 endfacet
 facet normal  0.000000e+00  0.000000e+00  1.000000e+00
   outer loop
     vertex -1.507630e+00  1.994310e+01  2.000000e+02
     vertex -2.054183e+00  1.989423e+01  2.000000e+02
     vertex -2.599189e+00  1.983039e+01  2.000000e+02
   endloop
 endfacet
 facet normal  0.000000e+00  0.000000e+00  1.000000e+00
   outer loop
     vertex -4.115333e-01  1.999577e+01  2.000000e+02
     vertex -7.367593e+00  1.859351e+01  2.000000e+02
     vertex -1.078132e+01  1.684527e+01  2.000000e+02
   endloop
 endfacet
 facet normal  0.000000e+00  0.000000e+00  1.000000e+00
   outer loop
     vertex -4.115333e-01  1.999577e+01  2.000000e+02
     vertex -1.507630e+00  1.994310e+01  2.000000e+02
     vertex -6.854725e+00  1.878863e+01  2.000000e+02
   endloop
 endfacet
 facet normal  0.000000e+00  0.000000e+00  1.000000e+00
   outer loop
     vertex -4.115333e-01  1.999577e+01  2.000000e+02
     vertex -9.599432e-01  1.997695e+01  2.000000e+02
     vertex -1.507630e+00  1.994310e+01  2.000000e+02
   endloop
 endfacet
 facet normal  0.000000e+00  0.000000e+00  1.000000e+00
   outer loop
     vertex -4.115333e-01  1.999577e+01  2.000000e+02
     vertex -6.854725e+00  1.878863e+01  2.000000e+02
     vertex -7.367593e+00  1.859351e+01  2.000000e+02
   endloop
 endfacet
 facet normal  0.000000e+00  0.000000e+00  1.000000e+00
   outer loop
     vertex  2.000000e+01 -4.898587e-15  2.000000e+02
     vertex  1.854253e+01 -7.494958e+00  2.000000e+02
     vertex  1.987967e+01 -2.190595e+00  2.000000e+02
   endloop
 endfacet
 facet normal  0.000000e+00  0.000000e+00  1.000000e+00
   outer loop
     vertex  2.000000e+01 -4.898587e-15  2.000000e+02
     vertex  1.987967e+01 -2.190595e+00  2.000000e+02
     vertex  1.993228e+01 -1.644391e+00  2.000000e+02
   endloop
 endfacet
 facet normal  0.000000e+00  0.000000e+00  1.000000e+00
   outer loop
     vertex  2.000000e+01 -4.898587e-15  2.000000e+02
     vertex  1.993228e+01 -1.644391e+00  2.000000e+02
     vertex  1.996989e+01 -1.096949e+00  2.000000e+02
   endloop
 endfacet
 facet normal  0.000000e+00  0.000000e+00  1.000000e+00
   outer loop
     vertex  2.000000e+01 -4.898587e-15  2.000000e+02
     vertex  1.996989e+01 -1.096949e+00  2.000000e+02
     vertex  1.999247e+01 -5.486810e-01  2.000000e+02
   endloop
 endfacet
 facet normal  0.000000e+00  0.000000e+00  1.000000e+00
   outer loop
     vertex  1.371864e-01  1.999953e+01  2.000000e+02
     vertex -4.115333e-01  1.999577e+01  2.000000e+02
     vertex -1.078132e+01  1.684527e+01  2.000000e+02
   endloop
 endfacet
 facet normal  0.000000e+00  0.000000e+00  1.000000e+00
   outer loop
     vertex  1.371864e-01  1.999953e+01  2.000000e+02
     vertex -1.078132e+01  1.684527e+01  2.000000e+02
     vertex -1.564884e+01  1.245447e+01  2.000000e+02
   endloop
 endfacet
 facet normal  0.000000e+00  0.000000e+00  1.000000e+00
   outer loop
     vertex  1.233903e+00  1.996190e+01  2.000000e+02
     vertex  6.858028e-01  1.998824e+01  2.000000e+02
     vertex  1.371864e-01  1.999953e+01  2.000000e+02
   endloop
 endfacet
 facet normal  0.000000e+00  0.000000e+00  1.000000e+00
   outer loop
     vertex  1.233903e+00  1.996190e+01  2.000000e+02
     vertex  1.371864e-01  1.999953e+01  2.000000e+02
     vertex -1.564884e+01  1.245447e+01  2.000000e+02
   endloop
 endfacet
 facet normal  0.000000e+00  0.000000e+00  1.000000e+00
   outer loop
     vertex  1.993228e+01  1.644391e+00  2.000000e+02
     vertex  2.000000e+01 -4.898587e-15  2.000000e+02
     vertex  1.999247e+01  5.486810e-01  2.000000e+02
   endloop
 endfacet
 facet normal  0.000000e+00  0.000000e+00  1.000000e+00
   outer loop
     vertex  1.993228e+01  1.644391e+00  2.000000e+02
     vertex  1.999247e+01  5.486810e-01  2.000000e+02
     vertex  1.996989e+01  1.096949e+00  2.000000e+02
   endloop
 endfacet
 facet normal  0.000000e+00  0.000000e+00  1.000000e+00
   outer loop
     vertex  1.987967e+01  2.190595e+00  2.000000e+02
     vertex  2.000000e+01 -4.898587e-15  2.000000e+02
     vertex  1.993228e+01  1.644391e+00  2.000000e+02
   endloop
 endfacet
 facet normal  0.000000e+00  0.000000e+00  1.000000e+00
   outer loop
     vertex  1.981209e+01  2.735151e+00  2.000000e+02
     vertex  2.000000e+01 -4.898587e-15  2.000000e+02
     vertex  1.987967e+01  2.190595e+00  2.000000e+02
   endloop
 endfacet
 facet normal  0.000000e+00  0.000000e+00  1.000000e+00
   outer loop
     vertex  3.412902e+00  1.970665e+01  2.000000e+02
     vertex  2.870984e+00  1.979286e+01  2.000000e+02
     vertex  2.326905e+00  1.986418e+01  2.000000e+02
   endloop
 endfacet
 facet normal  0.000000e+00  0.000000e+00  1.000000e+00
   outer loop
     vertex  1.952013e+01  4.354831e+00  2.000000e+02
     vertex  1.972960e+01  3.277647e+00  2.000000e+02
     vertex  1.963225e+01  3.817676e+00  2.000000e+02
   endloop
 endfacet
 facet normal  0.000000e+00  0.000000e+00  1.000000e+00
   outer loop
     vertex  4.488624e+00  1.948980e+01  2.000000e+02
     vertex  3.952250e+00  1.960560e+01  2.000000e+02
     vertex  3.412902e+00  1.970665e+01  2.000000e+02
   endloop
 endfacet
 facet normal  0.000000e+00  0.000000e+00  1.000000e+00
   outer loop
     vertex  4.488624e+00  1.948980e+01  2.000000e+02
     vertex  2.326905e+00  1.986418e+01  2.000000e+02
     vertex  1.781074e+00  1.992054e+01  2.000000e+02
   endloop
 endfacet
 facet normal  0.000000e+00  0.000000e+00  1.000000e+00
   outer loop
     vertex  4.488624e+00  1.948980e+01  2.000000e+02
     vertex  1.781074e+00  1.992054e+01  2.000000e+02
     vertex  1.233903e+00  1.996190e+01  2.000000e+02
   endloop
 endfacet
 facet normal  0.000000e+00  0.000000e+00  1.000000e+00
   outer loop
     vertex  4.488624e+00  1.948980e+01  2.000000e+02
     vertex  3.412902e+00  1.970665e+01  2.000000e+02
     vertex  2.326905e+00  1.986418e+01  2.000000e+02
   endloop
 endfacet
 facet normal  0.000000e+00  0.000000e+00  1.000000e+00
   outer loop
     vertex  1.909599e+01  5.945023e+00  2.000000e+02
     vertex  1.952013e+01  4.354831e+00  2.000000e+02
     vertex  1.939331e+01  4.888709e+00  2.000000e+02
   endloop
 endfacet
 facet normal  0.000000e+00  0.000000e+00  1.000000e+00
   outer loop
     vertex  1.909599e+01  5.945023e+00  2.000000e+02
     vertex  1.939331e+01  4.888709e+00  2.000000e+02
     vertex  1.925190e+01  5.418906e+00  2.000000e+02
   endloop
 endfacet
 facet normal  0.000000e+00  0.000000e+00  1.000000e+00
   outer loop
     vertex  6.075869e+00  1.905476e+01  2.000000e+02
     vertex  5.550833e+00  1.921427e+01  2.000000e+02
     vertex  5.021618e+00  1.935932e+01  2.000000e+02
   endloop
 endfacet
 facet normal  0.000000e+00  0.000000e+00  1.000000e+00
   outer loop
     vertex  6.075869e+00  1.905476e+01  2.000000e+02
     vertex  5.021618e+00  1.935932e+01  2.000000e+02
     vertex  4.488624e+00  1.948980e+01  2.000000e+02
   endloop
 endfacet
 facet normal  0.000000e+00  0.000000e+00  1.000000e+00
   outer loop
     vertex  7.111828e+00  1.869283e+01  2.000000e+02
     vertex  6.075869e+00  1.905476e+01  2.000000e+02
     vertex  4.488624e+00  1.948980e+01  2.000000e+02
   endloop
 endfacet
 facet normal  0.000000e+00  0.000000e+00  1.000000e+00
   outer loop
     vertex  7.111828e+00  1.869283e+01  2.000000e+02
     vertex  6.596331e+00  1.888090e+01  2.000000e+02
     vertex  6.075869e+00  1.905476e+01  2.000000e+02
   endloop
 endfacet
 facet normal  0.000000e+00  0.000000e+00  1.000000e+00
   outer loop
     vertex  1.854253e+01  7.494958e+00  2.000000e+02
     vertex  1.892570e+01  6.466666e+00  2.000000e+02
     vertex  1.874117e+01  6.983441e+00  2.000000e+02
   endloop
 endfacet
 facet normal  0.000000e+00  0.000000e+00  1.000000e+00
   outer loop
     vertex  7.621971e+00  1.849069e+01  2.000000e+02
     vertex  7.111828e+00  1.869283e+01  2.000000e+02
     vertex  4.488624e+00  1.948980e+01  2.000000e+02
   endloop
 endfacet
 facet normal  0.000000e+00  0.000000e+00  1.000000e+00
   outer loop
     vertex  1.832994e+01  8.000834e+00  2.000000e+02
     vertex  1.981209e+01  2.735151e+00  2.000000e+02
     vertex  1.972960e+01  3.277647e+00  2.000000e+02
   endloop
 endfacet
 facet normal  0.000000e+00  0.000000e+00  1.000000e+00
   outer loop
     vertex  1.832994e+01  8.000834e+00  2.000000e+02
     vertex  1.909599e+01  5.945023e+00  2.000000e+02
     vertex  1.892570e+01  6.466666e+00  2.000000e+02
   endloop
 endfacet
 facet normal  0.000000e+00  0.000000e+00  1.000000e+00
   outer loop
     vertex  1.832994e+01  8.000834e+00  2.000000e+02
     vertex  1.892570e+01  6.466666e+00  2.000000e+02
     vertex  1.854253e+01  7.494958e+00  2.000000e+02
   endloop
 endfacet
 facet normal  0.000000e+00  0.000000e+00  1.000000e+00
   outer loop
     vertex  1.832994e+01  8.000834e+00  2.000000e+02
     vertex  1.952013e+01  4.354831e+00  2.000000e+02
     vertex  1.909599e+01  5.945023e+00  2.000000e+02
   endloop
 endfacet
 facet normal  0.000000e+00  0.000000e+00  1.000000e+00
   outer loop
     vertex  1.832994e+01  8.000834e+00  2.000000e+02
     vertex  1.972960e+01  3.277647e+00  2.000000e+02
     vertex  1.952013e+01  4.354831e+00  2.000000e+02
   endloop
 endfacet
 facet normal  0.000000e+00  0.000000e+00  1.000000e+00
   outer loop
     vertex  8.126377e+00  1.827463e+01  2.000000e+02
     vertex  7.621971e+00  1.849069e+01  2.000000e+02
     vertex  4.488624e+00  1.948980e+01  2.000000e+02
   endloop
 endfacet
 facet normal  0.000000e+00  0.000000e+00  1.000000e+00
   outer loop
     vertex  1.810354e+01  8.500687e+00  2.000000e+02
     vertex  1.981209e+01  2.735151e+00  2.000000e+02
     vertex  1.832994e+01  8.000834e+00  2.000000e+02
   endloop
 endfacet
 facet normal  0.000000e+00  0.000000e+00  1.000000e+00
   outer loop
     vertex  1.810354e+01  8.500687e+00  2.000000e+02
     vertex  2.000000e+01 -4.898587e-15  2.000000e+02
     vertex  1.981209e+01  2.735151e+00  2.000000e+02
   endloop
 endfacet
 facet normal  0.000000e+00  0.000000e+00  1.000000e+00
   outer loop
     vertex  8.624665e+00  1.804481e+01  2.000000e+02
     vertex  8.126377e+00  1.827463e+01  2.000000e+02
     vertex  4.488624e+00  1.948980e+01  2.000000e+02
   endloop
 endfacet
 facet normal  0.000000e+00  0.000000e+00  1.000000e+00
   outer loop
     vertex  1.761005e+01  9.480825e+00  2.000000e+02
     vertex  1.810354e+01  8.500687e+00  2.000000e+02
     vertex  1.786352e+01  8.994141e+00  2.000000e+02
   endloop
 endfacet
 facet normal  0.000000e+00  0.000000e+00  1.000000e+00
   outer loop
     vertex  9.601395e+00  1.754461e+01  2.000000e+02
     vertex  9.116461e+00  1.780141e+01  2.000000e+02
     vertex  8.624665e+00  1.804481e+01  2.000000e+02
   endloop
 endfacet
 facet normal  0.000000e+00  0.000000e+00  1.000000e+00
   outer loop
     vertex  1.734333e+01  9.960371e+00  2.000000e+02
     vertex  1.810354e+01  8.500687e+00  2.000000e+02
     vertex  1.761005e+01  9.480825e+00  2.000000e+02
   endloop
 endfacet
 facet normal  0.000000e+00  0.000000e+00  1.000000e+00
   outer loop
     vertex  1.734333e+01  9.960371e+00  2.000000e+02
     vertex  2.000000e+01 -4.898587e-15  2.000000e+02
     vertex  1.810354e+01  8.500687e+00  2.000000e+02
   endloop
 endfacet
 facet normal  0.000000e+00  0.000000e+00  1.000000e+00
   outer loop
     vertex  1.007910e+01  1.727460e+01  2.000000e+02
     vertex  9.601395e+00  1.754461e+01  2.000000e+02
     vertex  8.624665e+00  1.804481e+01  2.000000e+02
   endloop
 endfacet
 facet normal  0.000000e+00  0.000000e+00  1.000000e+00
   outer loop
     vertex  1.054922e+01  1.699159e+01  2.000000e+02
     vertex  8.624665e+00  1.804481e+01  2.000000e+02
     vertex  4.488624e+00  1.948980e+01  2.000000e+02
   endloop
 endfacet
 facet normal  0.000000e+00  0.000000e+00  1.000000e+00
   outer loop
     vertex  1.054922e+01  1.699159e+01  2.000000e+02
     vertex  1.007910e+01  1.727460e+01  2.000000e+02
     vertex  8.624665e+00  1.804481e+01  2.000000e+02
   endloop
 endfacet
 facet normal  0.000000e+00  0.000000e+00  1.000000e+00
   outer loop
     vertex  1.101140e+01  1.669578e+01  2.000000e+02
     vertex  4.488624e+00  1.948980e+01  2.000000e+02
     vertex  1.233903e+00  1.996190e+01  2.000000e+02
   endloop
 endfacet
 facet normal  0.000000e+00  0.000000e+00  1.000000e+00
   outer loop
     vertex  1.101140e+01  1.669578e+01  2.000000e+02
     vertex  1.054922e+01  1.699159e+01  2.000000e+02
     vertex  4.488624e+00  1.948980e+01  2.000000e+02
   endloop
 endfacet
 facet normal  0.000000e+00  0.000000e+00  1.000000e+00
   outer loop
     vertex  1.191054e+01  1.606670e+01  2.000000e+02
     vertex  1.146528e+01  1.638741e+01  2.000000e+02
     vertex  1.101140e+01  1.669578e+01  2.000000e+02
   endloop
 endfacet
 facet normal  0.000000e+00  0.000000e+00  1.000000e+00
   outer loop
     vertex  1.581822e+01  1.223862e+01  2.000000e+02
     vertex  1.734333e+01  9.960371e+00  2.000000e+02
     vertex  1.706355e+01  1.043242e+01  2.000000e+02
   endloop
 endfacet
 facet normal  0.000000e+00  0.000000e+00  1.000000e+00
   outer loop
     vertex  1.581822e+01  1.223862e+01  2.000000e+02
     vertex  1.706355e+01  1.043242e+01  2.000000e+02
     vertex  1.677092e+01  1.089662e+01  2.000000e+02
   endloop
 endfacet
 facet normal  0.000000e+00  0.000000e+00  1.000000e+00
   outer loop
     vertex  1.581822e+01  1.223862e+01  2.000000e+02
     vertex  1.677092e+01  1.089662e+01  2.000000e+02
     vertex  1.646567e+01  1.135261e+01  2.000000e+02
   endloop
 endfacet
 facet normal  0.000000e+00  0.000000e+00  1.000000e+00
   outer loop
     vertex  1.581822e+01  1.223862e+01  2.000000e+02
     vertex  1.646567e+01  1.135261e+01  2.000000e+02
     vertex  1.614802e+01  1.180006e+01  2.000000e+02
   endloop
 endfacet
 facet normal  0.000000e+00  0.000000e+00  1.000000e+00
   outer loop
     vertex  1.581822e+01  1.223862e+01  2.000000e+02
     vertex  2.000000e+01 -4.898587e-15  2.000000e+02
     vertex  1.734333e+01  9.960371e+00  2.000000e+02
   endloop
 endfacet
 facet normal  0.000000e+00  0.000000e+00  1.000000e+00
   outer loop
     vertex  1.581822e+01  1.223862e+01  2.000000e+02
     vertex  1.854253e+01 -7.494958e+00  2.000000e+02
     vertex  2.000000e+01 -4.898587e-15  2.000000e+02
   endloop
 endfacet
 facet normal  0.000000e+00  0.000000e+00  1.000000e+00
   outer loop
     vertex  1.277383e+01  1.538926e+01  2.000000e+02
     vertex  1.234683e+01  1.573390e+01  2.000000e+02
     vertex  1.191054e+01  1.606670e+01  2.000000e+02
   endloop
 endfacet
 facet normal  0.000000e+00  0.000000e+00  1.000000e+00
   outer loop
     vertex  1.475841e+01  1.349775e+01  2.000000e+02
     vertex  1.547651e+01  1.266797e+01  2.000000e+02
     vertex  1.512316e+01  1.308779e+01  2.000000e+02
   endloop
 endfacet
 facet normal  0.000000e+00  0.000000e+00  1.000000e+00
   outer loop
     vertex  1.359867e+01  1.466548e+01  2.000000e+02
     vertex  1.319121e+01  1.503303e+01  2.000000e+02
     vertex  1.277383e+01  1.538926e+01  2.000000e+02
   endloop
 endfacet
 facet normal  0.000000e+00  0.000000e+00  1.000000e+00
   outer loop
     vertex  1.359867e+01  1.466548e+01  2.000000e+02
     vertex  1.277383e+01  1.538926e+01  2.000000e+02
     vertex  1.191054e+01  1.606670e+01  2.000000e+02
   endloop
 endfacet
 facet normal  0.000000e+00  0.000000e+00  1.000000e+00
   outer loop
     vertex  1.399588e+01  1.428689e+01  2.000000e+02
     vertex -1.564884e+01  1.245447e+01  2.000000e+02
     vertex  1.854253e+01 -7.494958e+00  2.000000e+02
   endloop
 endfacet
 facet normal  0.000000e+00  0.000000e+00  1.000000e+00
   outer loop
     vertex  1.399588e+01  1.428689e+01  2.000000e+02
     vertex  1.581822e+01  1.223862e+01  2.000000e+02
     vertex  1.547651e+01  1.266797e+01  2.000000e+02
   endloop
 endfacet
 facet normal  0.000000e+00  0.000000e+00  1.000000e+00
   outer loop
     vertex  1.399588e+01  1.428689e+01  2.000000e+02
     vertex  1.475841e+01  1.349775e+01  2.000000e+02
     vertex  1.438256e+01  1.389755e+01  2.000000e+02
   endloop
 endfacet
 facet normal  0.000000e+00  0.000000e+00  1.000000e+00
   outer loop
     vertex  1.399588e+01  1.428689e+01  2.000000e+02
     vertex  1.101140e+01  1.669578e+01  2.000000e+02
     vertex  1.233903e+00  1.996190e+01  2.000000e+02
   endloop
 endfacet
 facet normal  0.000000e+00  0.000000e+00  1.000000e+00
   outer loop
     vertex  1.399588e+01  1.428689e+01  2.000000e+02
     vertex  1.191054e+01  1.606670e+01  2.000000e+02
     vertex  1.101140e+01  1.669578e+01  2.000000e+02
   endloop
 endfacet
 facet normal  0.000000e+00  0.000000e+00  1.000000e+00
   outer loop
     vertex  1.399588e+01  1.428689e+01  2.000000e+02
     vertex  1.854253e+01 -7.494958e+00  2.000000e+02
     vertex  1.581822e+01  1.223862e+01  2.000000e+02
   endloop
 endfacet
 facet normal  0.000000e+00  0.000000e+00  1.000000e+00
   outer loop
     vertex  1.399588e+01  1.428689e+01  2.000000e+02
     vertex  1.547651e+01  1.266797e+01  2.000000e+02
     vertex  1.475841e+01  1.349775e+01  2.000000e+02
   endloop
 endfacet
 facet normal  0.000000e+00  0.000000e+00  1.000000e+00
   outer loop
     vertex  1.399588e+01  1.428689e+01  2.000000e+02
     vertex  1.359867e+01  1.466548e+01  2.000000e+02
     vertex  1.191054e+01  1.606670e+01  2.000000e+02
   endloop
 endfacet
 facet normal  0.000000e+00  0.000000e+00  1.000000e+00
   outer loop
     vertex  1.399588e+01  1.428689e+01  2.000000e+02
     vertex  1.233903e+00  1.996190e+01  2.000000e+02
     vertex -1.564884e+01  1.245447e+01  2.000000e+02
   endloop
 endfacet
 facet normal  0.000000e+00  0.000000e+00 -1.000000e+00
   outer loop
     vertex -1.298374e+01 -1.521257e+01  0.000000e+00
     vertex -1.339620e+01 -1.485065e+01  0.000000e+00
     vertex -1.379857e+01 -1.447755e+01  0.000000e+00
   endloop
 endfacet
 facet normal  0.000000e+00  0.000000e+00 -1.000000e+00
   outer loop
     vertex -1.530127e+01 -1.287909e+01  0.000000e+00
     vertex -1.457186e+01 -1.369894e+01  0.000000e+00
     vertex -1.494219e+01 -1.329402e+01  0.000000e+00
   endloop
 endfacet
 facet normal  0.000000e+00  0.000000e+00 -1.000000e+00
   outer loop
     vertex -1.256151e+01 -1.556304e+01  0.000000e+00
     vertex -1.419056e+01 -1.409355e+01  0.000000e+00
     vertex -1.457186e+01 -1.369894e+01  0.000000e+00
   endloop
 endfacet
 facet normal  0.000000e+00  0.000000e+00 -1.000000e+00
   outer loop
     vertex -1.256151e+01 -1.556304e+01  0.000000e+00
     vertex -1.298374e+01 -1.521257e+01  0.000000e+00
     vertex -1.379857e+01 -1.447755e+01  0.000000e+00
   endloop
 endfacet
 facet normal  0.000000e+00  0.000000e+00 -1.000000e+00
   outer loop
     vertex -1.256151e+01 -1.556304e+01  0.000000e+00
     vertex -1.379857e+01 -1.447755e+01  0.000000e+00
     vertex -1.419056e+01 -1.409355e+01  0.000000e+00
   endloop
 endfacet
 facet normal  0.000000e+00  0.000000e+00 -1.000000e+00
   outer loop
     vertex -1.256151e+01 -1.556304e+01  0.000000e+00
     vertex -1.457186e+01 -1.369894e+01  0.000000e+00
     vertex -1.530127e+01 -1.287909e+01  0.000000e+00
   endloop
 endfacet
 facet normal  0.000000e+00  0.000000e+00 -1.000000e+00
   outer loop
     vertex -1.123940e+01 -1.654315e+01  0.000000e+00
     vertex -1.212983e+01 -1.590180e+01  0.000000e+00
     vertex -1.256151e+01 -1.556304e+01  0.000000e+00
   endloop
 endfacet
 facet normal  0.000000e+00  0.000000e+00 -1.000000e+00
   outer loop
     vertex -1.123940e+01 -1.654315e+01  0.000000e+00
     vertex -1.168901e+01 -1.622858e+01  0.000000e+00
     vertex -1.212983e+01 -1.590180e+01  0.000000e+00
   endloop
 endfacet
 facet normal  0.000000e+00  0.000000e+00 -1.000000e+00
   outer loop
     vertex -1.661986e+01 -1.112566e+01  0.000000e+00
     vertex -1.598463e+01 -1.202047e+01  0.000000e+00
     vertex -1.630838e+01 -1.157742e+01  0.000000e+00
   endloop
 endfacet
 facet normal  0.000000e+00  0.000000e+00 -1.000000e+00
   outer loop
     vertex -1.661986e+01 -1.112566e+01  0.000000e+00
     vertex -1.564884e+01 -1.245447e+01  0.000000e+00
     vertex -1.598463e+01 -1.202047e+01  0.000000e+00
   endloop
 endfacet
 facet normal  0.000000e+00  0.000000e+00 -1.000000e+00
   outer loop
     vertex -1.691883e+01 -1.066552e+01  0.000000e+00
     vertex -1.530127e+01 -1.287909e+01  0.000000e+00
     vertex -1.564884e+01 -1.245447e+01  0.000000e+00
   endloop
 endfacet
 facet normal  0.000000e+00  0.000000e+00 -1.000000e+00
   outer loop
     vertex -1.691883e+01 -1.066552e+01  0.000000e+00
     vertex -1.564884e+01 -1.245447e+01  0.000000e+00
     vertex -1.661986e+01 -1.112566e+01  0.000000e+00
   endloop
 endfacet
 facet normal  0.000000e+00  0.000000e+00 -1.000000e+00
   outer loop
     vertex -1.031513e+01 -1.713470e+01  0.000000e+00
     vertex -1.078132e+01 -1.684527e+01  0.000000e+00
     vertex -1.123940e+01 -1.654315e+01  0.000000e+00
   endloop
 endfacet
 facet normal  0.000000e+00  0.000000e+00 -1.000000e+00
   outer loop
     vertex -1.747833e+01 -9.721513e+00  0.000000e+00
     vertex -1.691883e+01 -1.066552e+01  0.000000e+00
     vertex -1.720506e+01 -1.019736e+01  0.000000e+00
   endloop
 endfacet
 facet normal  0.000000e+00  0.000000e+00 -1.000000e+00
   outer loop
     vertex -1.747833e+01 -9.721513e+00  0.000000e+00
     vertex -1.256151e+01 -1.556304e+01  0.000000e+00
     vertex -1.530127e+01 -1.287909e+01  0.000000e+00
   endloop
 endfacet
 facet normal  0.000000e+00  0.000000e+00 -1.000000e+00
   outer loop
     vertex -1.747833e+01 -9.721513e+00  0.000000e+00
     vertex -1.530127e+01 -1.287909e+01  0.000000e+00
     vertex -1.691883e+01 -1.066552e+01  0.000000e+00
   endloop
 endfacet
 facet normal  0.000000e+00  0.000000e+00 -1.000000e+00
   outer loop
     vertex -1.773846e+01 -9.238352e+00  0.000000e+00
     vertex -1.256151e+01 -1.556304e+01  0.000000e+00
     vertex -1.747833e+01 -9.721513e+00  0.000000e+00
   endloop
 endfacet
 facet normal  0.000000e+00  0.000000e+00 -1.000000e+00
   outer loop
     vertex -1.773846e+01 -9.238352e+00  0.000000e+00
     vertex -1.123940e+01 -1.654315e+01  0.000000e+00
     vertex -1.256151e+01 -1.556304e+01  0.000000e+00
   endloop
 endfacet
 facet normal  0.000000e+00  0.000000e+00 -1.000000e+00
   outer loop
     vertex -1.773846e+01 -9.238352e+00  0.000000e+00
     vertex -1.031513e+01 -1.713470e+01  0.000000e+00
     vertex -1.123940e+01 -1.654315e+01  0.000000e+00
   endloop
 endfacet
 facet normal  0.000000e+00  0.000000e+00 -1.000000e+00
   outer loop
     vertex -8.871398e+00 -1.792480e+01  0.000000e+00
     vertex -9.841174e+00 -1.741124e+01  0.000000e+00
     vertex -1.031513e+01 -1.713470e+01  0.000000e+00
   endloop
 endfacet
 facet normal  0.000000e+00  0.000000e+00 -1.000000e+00
   outer loop
     vertex -8.871398e+00 -1.792480e+01  0.000000e+00
     vertex -9.359809e+00 -1.767467e+01  0.000000e+00
     vertex -9.841174e+00 -1.741124e+01  0.000000e+00
   endloop
 endfacet
 facet normal  0.000000e+00  0.000000e+00 -1.000000e+00
   outer loop
     vertex -8.376309e+00 -1.816143e+01  0.000000e+00
     vertex -8.871398e+00 -1.792480e+01  0.000000e+00
     vertex -1.031513e+01 -1.713470e+01  0.000000e+00
   endloop
 endfacet
 facet normal  0.000000e+00  0.000000e+00 -1.000000e+00
   outer loop
     vertex -1.864361e+01 -7.239881e+00  0.000000e+00
     vertex -1.821846e+01 -8.251537e+00  0.000000e+00
     vertex -1.843797e+01 -7.748625e+00  0.000000e+00
   endloop
 endfacet
 facet normal  0.000000e+00  0.000000e+00 -1.000000e+00
   outer loop
     vertex -1.864361e+01 -7.239881e+00  0.000000e+00
     vertex -1.798523e+01 -8.748237e+00  0.000000e+00
     vertex -1.821846e+01 -8.251537e+00  0.000000e+00
   endloop
 endfacet
 facet normal  0.000000e+00  0.000000e+00 -1.000000e+00
   outer loop
     vertex -1.864361e+01 -7.239881e+00  0.000000e+00
     vertex -1.773846e+01 -9.238352e+00  0.000000e+00
     vertex -1.798523e+01 -8.748237e+00  0.000000e+00
   endloop
 endfacet
 facet normal  0.000000e+00  0.000000e+00 -1.000000e+00
   outer loop
     vertex -1.864361e+01 -7.239881e+00  0.000000e+00
     vertex -1.031513e+01 -1.713470e+01  0.000000e+00
     vertex -1.773846e+01 -9.238352e+00  0.000000e+00
   endloop
 endfacet
 facet normal  0.000000e+00  0.000000e+00 -1.000000e+00
   outer loop
     vertex -6.854725e+00 -1.878863e+01  0.000000e+00
     vertex -7.874915e+00 -1.838439e+01  0.000000e+00
     vertex -8.376309e+00 -1.816143e+01  0.000000e+00
   endloop
 endfacet
 facet normal  0.000000e+00  0.000000e+00 -1.000000e+00
   outer loop
     vertex -6.854725e+00 -1.878863e+01  0.000000e+00
     vertex -7.367593e+00 -1.859351e+01  0.000000e+00
     vertex -7.874915e+00 -1.838439e+01  0.000000e+00
   endloop
 endfacet
 facet normal  0.000000e+00  0.000000e+00 -1.000000e+00
   outer loop
     vertex -6.854725e+00 -1.878863e+01  0.000000e+00
     vertex -8.376309e+00 -1.816143e+01  0.000000e+00
     vertex -1.031513e+01 -1.713470e+01  0.000000e+00
   endloop
 endfacet
 facet normal  0.000000e+00  0.000000e+00 -1.000000e+00
   outer loop
     vertex -1.901263e+01 -6.206429e+00  0.000000e+00
     vertex -1.864361e+01 -7.239881e+00  0.000000e+00
     vertex -1.883521e+01 -6.725686e+00  0.000000e+00
   endloop
 endfacet
 facet normal  0.000000e+00  0.000000e+00 -1.000000e+00
   outer loop
     vertex -1.917575e+01 -5.682499e+00  0.000000e+00
     vertex -1.864361e+01 -7.239881e+00  0.000000e+00
     vertex -1.901263e+01 -6.206429e+00  0.000000e+00
   endloop
 endfacet
 facet normal  0.000000e+00  0.000000e+00 -1.000000e+00
   outer loop
     vertex -5.286723e+00 -1.928861e+01  0.000000e+00
     vertex -6.336696e+00 -1.896961e+01  0.000000e+00
     vertex -6.854725e+00 -1.878863e+01  0.000000e+00
   endloop
 endfacet
 facet normal  0.000000e+00  0.000000e+00 -1.000000e+00
   outer loop
     vertex -5.286723e+00 -1.928861e+01  0.000000e+00
     vertex -5.813898e+00 -1.913632e+01  0.000000e+00
     vertex -6.336696e+00 -1.896961e+01  0.000000e+00
   endloop
 endfacet
 facet normal  0.000000e+00  0.000000e+00 -1.000000e+00
   outer loop
     vertex -4.755569e+00 -1.942639e+01  0.000000e+00
     vertex -5.286723e+00 -1.928861e+01  0.000000e+00
     vertex -6.854725e+00 -1.878863e+01  0.000000e+00
   endloop
 endfacet
 facet normal  0.000000e+00  0.000000e+00 -1.000000e+00
   outer loop
     vertex -3.682923e+00 -1.965798e+01  0.000000e+00
     vertex -4.220834e+00 -1.954954e+01  0.000000e+00
     vertex -4.755569e+00 -1.942639e+01  0.000000e+00
   endloop
 endfacet
 facet normal  0.000000e+00  0.000000e+00 -1.000000e+00
   outer loop
     vertex -1.968278e+01 -3.547996e+00  0.000000e+00
     vertex -1.945855e+01 -4.622205e+00  0.000000e+00
     vertex -1.957803e+01 -4.086638e+00  0.000000e+00
   endloop
 endfacet
 facet normal  0.000000e+00  0.000000e+00 -1.000000e+00
   outer loop
     vertex -1.968278e+01 -3.547996e+00  0.000000e+00
     vertex -1.932442e+01 -5.154292e+00  0.000000e+00
     vertex -1.945855e+01 -4.622205e+00  0.000000e+00
   endloop
 endfacet
 facet normal  0.000000e+00  0.000000e+00 -1.000000e+00
   outer loop
     vertex -3.142238e+00 -1.975162e+01  0.000000e+00
     vertex -3.682923e+00 -1.965798e+01  0.000000e+00
     vertex -4.755569e+00 -1.942639e+01  0.000000e+00
   endloop
 endfacet
 facet normal  0.000000e+00  0.000000e+00 -1.000000e+00
   outer loop
     vertex -1.977271e+01 -3.006682e+00  0.000000e+00
     vertex -1.932442e+01 -5.154292e+00  0.000000e+00
     vertex -1.968278e+01 -3.547996e+00  0.000000e+00
   endloop
 endfacet
 facet normal  0.000000e+00  0.000000e+00 -1.000000e+00
   outer loop
     vertex -1.977271e+01 -3.006682e+00  0.000000e+00
     vertex -1.917575e+01 -5.682499e+00  0.000000e+00
     vertex -1.932442e+01 -5.154292e+00  0.000000e+00
   endloop
 endfacet
 facet normal  0.000000e+00  0.000000e+00 -1.000000e+00
   outer loop
     vertex -1.507630e+00 -1.994310e+01  0.000000e+00
     vertex -2.054183e+00 -1.989423e+01  0.000000e+00
     vertex -2.599189e+00 -1.983039e+01  0.000000e+00
   endloop
 endfacet
 facet normal  0.000000e+00  0.000000e+00 -1.000000e+00
   outer loop
     vertex -1.995297e+01 -1.370799e+00  0.000000e+00
     vertex -1.984775e+01 -2.463105e+00  0.000000e+00
     vertex -1.990785e+01 -1.917674e+00  0.000000e+00
   endloop
 endfacet
 facet normal  0.000000e+00  0.000000e+00 -1.000000e+00
   outer loop
     vertex -9.599432e-01 -1.997695e+01  0.000000e+00
     vertex -3.142238e+00 -1.975162e+01  0.000000e+00
     vertex -4.755569e+00 -1.942639e+01  0.000000e+00
   endloop
 endfacet
 facet normal  0.000000e+00  0.000000e+00 -1.000000e+00
   outer loop
     vertex -9.599432e-01 -1.997695e+01  0.000000e+00
     vertex -1.507630e+00 -1.994310e+01  0.000000e+00
     vertex -2.599189e+00 -1.983039e+01  0.000000e+00
   endloop
 endfacet
 facet normal  0.000000e+00  0.000000e+00 -1.000000e+00
   outer loop
     vertex -9.599432e-01 -1.997695e+01  0.000000e+00
     vertex -2.599189e+00 -1.983039e+01  0.000000e+00
     vertex -3.142238e+00 -1.975162e+01  0.000000e+00
   endloop
 endfacet
 facet normal  0.000000e+00  0.000000e+00 -1.000000e+00
   outer loop
     vertex -1.998306e+01 -8.228924e-01  0.000000e+00
     vertex -1.977271e+01 -3.006682e+00  0.000000e+00
     vertex -1.984775e+01 -2.463105e+00  0.000000e+00
   endloop
 endfacet
 facet normal  0.000000e+00  0.000000e+00 -1.000000e+00
   outer loop
     vertex -1.998306e+01 -8.228924e-01  0.000000e+00
     vertex -1.984775e+01 -2.463105e+00  0.000000e+00
     vertex -1.995297e+01 -1.370799e+00  0.000000e+00
   endloop
 endfacet
 facet normal  0.000000e+00  0.000000e+00 -1.000000e+00
   outer loop
     vertex -1.999812e+01 -2.743663e-01  0.000000e+00
     vertex -1.917575e+01 -5.682499e+00  0.000000e+00
     vertex -1.977271e+01 -3.006682e+00  0.000000e+00
   endloop
 endfacet
 facet normal  0.000000e+00  0.000000e+00 -1.000000e+00
   outer loop
     vertex -1.999812e+01 -2.743663e-01  0.000000e+00
     vertex -1.977271e+01 -3.006682e+00  0.000000e+00
     vertex -1.998306e+01 -8.228924e-01  0.000000e+00
   endloop
 endfacet
 facet normal  0.000000e+00  0.000000e+00 -1.000000e+00
   outer loop
     vertex  1.371864e-01 -1.999953e+01  0.000000e+00
     vertex -9.599432e-01 -1.997695e+01  0.000000e+00
     vertex -4.755569e+00 -1.942639e+01  0.000000e+00
   endloop
 endfacet
 facet normal  0.000000e+00  0.000000e+00 -1.000000e+00
   outer loop
     vertex  1.371864e-01 -1.999953e+01  0.000000e+00
     vertex -4.115333e-01 -1.999577e+01  0.000000e+00
     vertex -9.599432e-01 -1.997695e+01  0.000000e+00
   endloop
 endfacet
 facet normal  0.000000e+00  0.000000e+00 -1.000000e+00
   outer loop
     vertex -1.998306e+01  8.228924e-01  0.000000e+00
     vertex -1.999812e+01 -2.743663e-01  0.000000e+00
     vertex -1.999812e+01  2.743663e-01  0.000000e+00
   endloop
 endfacet
 facet normal  0.000000e+00  0.000000e+00 -1.000000e+00
   outer loop
     vertex  1.233903e+00 -1.996190e+01  0.000000e+00
     vertex  6.858028e-01 -1.998824e+01  0.000000e+00
     vertex  1.371864e-01 -1.999953e+01  0.000000e+00
   endloop
 endfacet
 facet normal  0.000000e+00  0.000000e+00 -1.000000e+00
   outer loop
     vertex  1.781074e+00 -1.992054e+01  0.000000e+00
     vertex  1.233903e+00 -1.996190e+01  0.000000e+00
     vertex  1.371864e-01 -1.999953e+01  0.000000e+00
   endloop
 endfacet
 facet normal  0.000000e+00  0.000000e+00 -1.000000e+00
   outer loop
     vertex -1.984775e+01  2.463105e+00  0.000000e+00
     vertex -1.995297e+01  1.370799e+00  0.000000e+00
     vertex -1.990785e+01  1.917674e+00  0.000000e+00
   endloop
 endfacet
 facet normal  0.000000e+00  0.000000e+00 -1.000000e+00
   outer loop
     vertex -1.984775e+01  2.463105e+00  0.000000e+00
     vertex -1.998306e+01  8.228924e-01  0.000000e+00
     vertex -1.995297e+01  1.370799e+00  0.000000e+00
   endloop
 endfacet
 facet normal  0.000000e+00 -0.000000e+00 -1.000000e+00
   outer loop
     vertex -1.984775e+01  2.463105e+00  0.000000e+00
     vertex -1.917575e+01 -5.682499e+00  0.000000e+00
     vertex -1.999812e+01 -2.743663e-01  0.000000e+00
   endloop
 endfacet
 facet normal  0.000000e+00  0.000000e+00 -1.000000e+00
   outer loop
     vertex -1.984775e+01  2.463105e+00  0.000000e+00
     vertex -1.999812e+01 -2.743663e-01  0.000000e+00
     vertex -1.998306e+01  8.228924e-01  0.000000e+00
   endloop
 endfacet
 facet normal  0.000000e+00  0.000000e+00 -1.000000e+00
   outer loop
     vertex  2.870984e+00 -1.979286e+01  0.000000e+00
     vertex  2.326905e+00 -1.986418e+01  0.000000e+00
     vertex  1.781074e+00 -1.992054e+01  0.000000e+00
   endloop
 endfacet
 facet normal  0.000000e+00  0.000000e+00 -1.000000e+00
   outer loop
     vertex  3.412902e+00 -1.970665e+01  0.000000e+00
     vertex  2.870984e+00 -1.979286e+01  0.000000e+00
     vertex  1.781074e+00 -1.992054e+01  0.000000e+00
   endloop
 endfacet
 facet normal  0.000000e+00  0.000000e+00 -1.000000e+00
   outer loop
     vertex -1.968278e+01  3.547996e+00  0.000000e+00
     vertex -1.984775e+01  2.463105e+00  0.000000e+00
     vertex -1.977271e+01  3.006682e+00  0.000000e+00
   endloop
 endfacet
 facet normal  0.000000e+00  0.000000e+00 -1.000000e+00
   outer loop
     vertex  3.952250e+00 -1.960560e+01  0.000000e+00
     vertex  3.412902e+00 -1.970665e+01  0.000000e+00
     vertex  1.781074e+00 -1.992054e+01  0.000000e+00
   endloop
 endfacet
 facet normal  0.000000e+00  0.000000e+00 -1.000000e+00
   outer loop
     vertex -1.945855e+01  4.622205e+00  0.000000e+00
     vertex -1.968278e+01  3.547996e+00  0.000000e+00
     vertex -1.957803e+01  4.086638e+00  0.000000e+00
   endloop
 endfacet
 facet normal  0.000000e+00  0.000000e+00 -1.000000e+00
   outer loop
     vertex  5.550833e+00 -1.921427e+01  0.000000e+00
     vertex  3.952250e+00 -1.960560e+01  0.000000e+00
     vertex  1.781074e+00 -1.992054e+01  0.000000e+00
   endloop
 endfacet
 facet normal  0.000000e+00  0.000000e+00 -1.000000e+00
   outer loop
     vertex  5.550833e+00 -1.921427e+01  0.000000e+00
     vertex  4.488624e+00 -1.948980e+01  0.000000e+00
     vertex  3.952250e+00 -1.960560e+01  0.000000e+00
   endloop
 endfacet
 facet normal  0.000000e+00  0.000000e+00 -1.000000e+00
   outer loop
     vertex  5.550833e+00 -1.921427e+01  0.000000e+00
     vertex  5.021618e+00 -1.935932e+01  0.000000e+00
     vertex  4.488624e+00 -1.948980e+01  0.000000e+00
   endloop
 endfacet
 facet normal  0.000000e+00  0.000000e+00 -1.000000e+00
   outer loop
     vertex -1.917575e+01  5.682499e+00  0.000000e+00
     vertex -1.945855e+01  4.622205e+00  0.000000e+00
     vertex -1.932442e+01  5.154292e+00  0.000000e+00
   endloop
 endfacet
 facet normal  0.000000e+00 -0.000000e+00 -1.000000e+00
   outer loop
     vertex -1.917575e+01  5.682499e+00  0.000000e+00
     vertex -1.917575e+01 -5.682499e+00  0.000000e+00
     vertex -1.984775e+01  2.463105e+00  0.000000e+00
   endloop
 endfacet
 facet normal  0.000000e+00  0.000000e+00 -1.000000e+00
   outer loop
     vertex -1.917575e+01  5.682499e+00  0.000000e+00
     vertex -1.984775e+01  2.463105e+00  0.000000e+00
     vertex -1.968278e+01  3.547996e+00  0.000000e+00
   endloop
 endfacet
 facet normal  0.000000e+00  0.000000e+00 -1.000000e+00
   outer loop
     vertex -1.917575e+01  5.682499e+00  0.000000e+00
     vertex -1.968278e+01  3.547996e+00  0.000000e+00
     vertex -1.945855e+01  4.622205e+00  0.000000e+00
   endloop
 endfacet
 facet normal  0.000000e+00  0.000000e+00 -1.000000e+00
   outer loop
     vertex  6.075869e+00 -1.905476e+01  0.000000e+00
     vertex  1.781074e+00 -1.992054e+01  0.000000e+00
     vertex  1.371864e-01 -1.999953e+01  0.000000e+00
   endloop
 endfacet
 facet normal  0.000000e+00  0.000000e+00 -1.000000e+00
   outer loop
     vertex  6.075869e+00 -1.905476e+01  0.000000e+00
     vertex  5.550833e+00 -1.921427e+01  0.000000e+00
     vertex  1.781074e+00 -1.992054e+01  0.000000e+00
   endloop
 endfacet
 facet normal  0.000000e+00  0.000000e+00 -1.000000e+00
   outer loop
     vertex -1.883521e+01  6.725686e+00  0.000000e+00
     vertex -1.917575e+01  5.682499e+00  0.000000e+00
     vertex -1.901263e+01  6.206429e+00  0.000000e+00
   endloop
 endfacet
 facet normal  0.000000e+00  0.000000e+00 -1.000000e+00
   outer loop
     vertex -1.864361e+01  7.239881e+00  0.000000e+00
     vertex -1.917575e+01  5.682499e+00  0.000000e+00
     vertex -1.883521e+01  6.725686e+00  0.000000e+00
   endloop
 endfacet
 facet normal  0.000000e+00  0.000000e+00 -1.000000e+00
   outer loop
     vertex  7.621971e+00 -1.849069e+01  0.000000e+00
     vertex  6.596331e+00 -1.888090e+01  0.000000e+00
     vertex  6.075869e+00 -1.905476e+01  0.000000e+00
   endloop
 endfacet
 facet normal  0.000000e+00  0.000000e+00 -1.000000e+00
   outer loop
     vertex  7.621971e+00 -1.849069e+01  0.000000e+00
     vertex  7.111828e+00 -1.869283e+01  0.000000e+00
     vertex  6.596331e+00 -1.888090e+01  0.000000e+00
   endloop
 endfacet
 facet normal  0.000000e+00  0.000000e+00 -1.000000e+00
   outer loop
     vertex -1.821846e+01  8.251537e+00  0.000000e+00
     vertex -1.864361e+01  7.239881e+00  0.000000e+00
     vertex -1.843797e+01  7.748625e+00  0.000000e+00
   endloop
 endfacet
 facet normal  0.000000e+00  0.000000e+00 -1.000000e+00
   outer loop
     vertex -1.821846e+01  8.251537e+00  0.000000e+00
     vertex -1.917575e+01  5.682499e+00  0.000000e+00
     vertex -1.864361e+01  7.239881e+00  0.000000e+00
   endloop
 endfacet
 facet normal  0.000000e+00  0.000000e+00 -1.000000e+00
   outer loop
     vertex  9.116461e+00 -1.780141e+01  0.000000e+00
     vertex  8.126377e+00 -1.827463e+01  0.000000e+00
     vertex  7.621971e+00 -1.849069e+01  0.000000e+00
   endloop
 endfacet
 facet normal  0.000000e+00  0.000000e+00 -1.000000e+00
   outer loop
     vertex  9.116461e+00 -1.780141e+01  0.000000e+00
     vertex  8.624665e+00 -1.804481e+01  0.000000e+00
     vertex  8.126377e+00 -1.827463e+01  0.000000e+00
   endloop
 endfacet
 facet normal  0.000000e+00  0.000000e+00 -1.000000e+00
   outer loop
     vertex  9.116461e+00 -1.780141e+01  0.000000e+00
     vertex  7.621971e+00 -1.849069e+01  0.000000e+00
     vertex  6.075869e+00 -1.905476e+01  0.000000e+00
   endloop
 endfacet
 facet normal  0.000000e+00  0.000000e+00 -1.000000e+00
   outer loop
     vertex  9.601395e+00 -1.754461e+01  0.000000e+00
     vertex  9.116461e+00 -1.780141e+01  0.000000e+00
     vertex  6.075869e+00 -1.905476e+01  0.000000e+00
   endloop
 endfacet
 facet normal  0.000000e+00  0.000000e+00 -1.000000e+00
   outer loop
     vertex -1.747833e+01  9.721513e+00  0.000000e+00
     vertex -1.917575e+01  5.682499e+00  0.000000e+00
     vertex -1.821846e+01  8.251537e+00  0.000000e+00
   endloop
 endfacet
 facet normal  0.000000e+00  0.000000e+00 -1.000000e+00
   outer loop
     vertex -1.747833e+01  9.721513e+00  0.000000e+00
     vertex -1.917575e+01 -5.682499e+00  0.000000e+00
     vertex -1.917575e+01  5.682499e+00  0.000000e+00
   endloop
 endfacet
 facet normal  0.000000e+00  0.000000e+00 -1.000000e+00
   outer loop
     vertex -1.747833e+01  9.721513e+00  0.000000e+00
     vertex -1.798523e+01  8.748237e+00  0.000000e+00
     vertex -1.773846e+01  9.238352e+00  0.000000e+00
   endloop
 endfacet
 facet normal  0.000000e+00  0.000000e+00 -1.000000e+00
   outer loop
     vertex -1.747833e+01  9.721513e+00  0.000000e+00
     vertex -1.821846e+01  8.251537e+00  0.000000e+00
     vertex -1.798523e+01  8.748237e+00  0.000000e+00
   endloop
 endfacet
 facet normal  0.000000e+00  0.000000e+00 -1.000000e+00
   outer loop
     vertex -1.691883e+01  1.066552e+01  0.000000e+00
     vertex -1.747833e+01  9.721513e+00  0.000000e+00
     vertex -1.720506e+01  1.019736e+01  0.000000e+00
   endloop
 endfacet
 facet normal  0.000000e+00  0.000000e+00 -1.000000e+00
   outer loop
     vertex  1.101140e+01 -1.669578e+01  0.000000e+00
     vertex -4.755569e+00 -1.942639e+01  0.000000e+00
     vertex -6.854725e+00 -1.878863e+01  0.000000e+00
   endloop
 endfacet
 facet normal  0.000000e+00  0.000000e+00 -1.000000e+00
   outer loop
     vertex  1.101140e+01 -1.669578e+01  0.000000e+00
     vertex  9.601395e+00 -1.754461e+01  0.000000e+00
     vertex  6.075869e+00 -1.905476e+01  0.000000e+00
   endloop
 endfacet
 facet normal  0.000000e+00  0.000000e+00 -1.000000e+00
   outer loop
     vertex  1.101140e+01 -1.669578e+01  0.000000e+00
     vertex  1.371864e-01 -1.999953e+01  0.000000e+00
     vertex -4.755569e+00 -1.942639e+01  0.000000e+00
   endloop
 endfacet
 facet normal  0.000000e+00  0.000000e+00 -1.000000e+00
   outer loop
     vertex  1.101140e+01 -1.669578e+01  0.000000e+00
     vertex  6.075869e+00 -1.905476e+01  0.000000e+00
     vertex  1.371864e-01 -1.999953e+01  0.000000e+00
   endloop
 endfacet
 facet normal -0.000000e+00  0.000000e+00 -1.000000e+00
   outer loop
     vertex  1.101140e+01 -1.669578e+01  0.000000e+00
     vertex -1.031513e+01 -1.713470e+01  0.000000e+00
     vertex -1.864361e+01 -7.239881e+00  0.000000e+00
   endloop
 endfacet
 facet normal  0.000000e+00  0.000000e+00 -1.000000e+00
   outer loop
     vertex  1.101140e+01 -1.669578e+01  0.000000e+00
     vertex  1.007910e+01 -1.727460e+01  0.000000e+00
     vertex  9.601395e+00 -1.754461e+01  0.000000e+00
   endloop
 endfacet
 facet normal  0.000000e+00  0.000000e+00 -1.000000e+00
   outer loop
     vertex  1.101140e+01 -1.669578e+01  0.000000e+00
     vertex  1.054922e+01 -1.699159e+01  0.000000e+00
     vertex  1.007910e+01 -1.727460e+01  0.000000e+00
   endloop
 endfacet
 facet normal  0.000000e+00  0.000000e+00 -1.000000e+00
   outer loop
     vertex  1.101140e+01 -1.669578e+01  0.000000e+00
     vertex -6.854725e+00 -1.878863e+01  0.000000e+00
     vertex -1.031513e+01 -1.713470e+01  0.000000e+00
   endloop
 endfacet
 facet normal  0.000000e+00  0.000000e+00 -1.000000e+00
   outer loop
     vertex -1.661986e+01  1.112566e+01  0.000000e+00
     vertex -1.747833e+01  9.721513e+00  0.000000e+00
     vertex -1.691883e+01  1.066552e+01  0.000000e+00
   endloop
 endfacet
 facet normal  0.000000e+00  0.000000e+00 -1.000000e+00
   outer loop
     vertex -1.630838e+01  1.157742e+01  0.000000e+00
     vertex -1.747833e+01  9.721513e+00  0.000000e+00
     vertex -1.661986e+01  1.112566e+01  0.000000e+00
   endloop
 endfacet
 facet normal  0.000000e+00  0.000000e+00 -1.000000e+00
   outer loop
     vertex  1.191054e+01 -1.606670e+01  0.000000e+00
     vertex  1.146528e+01 -1.638741e+01  0.000000e+00
     vertex  1.101140e+01 -1.669578e+01  0.000000e+00
   endloop
 endfacet
 facet normal  0.000000e+00  0.000000e+00 -1.000000e+00
   outer loop
     vertex -1.564884e+01  1.245447e+01  0.000000e+00
     vertex -1.864361e+01 -7.239881e+00  0.000000e+00
     vertex -1.917575e+01 -5.682499e+00  0.000000e+00
   endloop
 endfacet
 facet normal  0.000000e+00  0.000000e+00 -1.000000e+00
   outer loop
     vertex -1.564884e+01  1.245447e+01  0.000000e+00
     vertex -1.917575e+01 -5.682499e+00  0.000000e+00
     vertex -1.747833e+01  9.721513e+00  0.000000e+00
   endloop
 endfacet
 facet normal  0.000000e+00  0.000000e+00 -1.000000e+00
   outer loop
     vertex -1.564884e+01  1.245447e+01  0.000000e+00
     vertex -1.747833e+01  9.721513e+00  0.000000e+00
     vertex -1.630838e+01  1.157742e+01  0.000000e+00
   endloop
 endfacet
 facet normal  0.000000e+00  0.000000e+00 -1.000000e+00
   outer loop
     vertex -1.564884e+01  1.245447e+01  0.000000e+00
     vertex -1.630838e+01  1.157742e+01  0.000000e+00
     vertex -1.598463e+01  1.202047e+01  0.000000e+00
   endloop
 endfacet
 facet normal  0.000000e+00  0.000000e+00 -1.000000e+00
   outer loop
     vertex  1.277383e+01 -1.538926e+01  0.000000e+00
     vertex  1.234683e+01 -1.573390e+01  0.000000e+00
     vertex  1.191054e+01 -1.606670e+01  0.000000e+00
   endloop
 endfacet
 facet normal  0.000000e+00  0.000000e+00 -1.000000e+00
   outer loop
     vertex  1.399588e+01 -1.428689e+01  0.000000e+00
     vertex  1.277383e+01 -1.538926e+01  0.000000e+00
     vertex  1.191054e+01 -1.606670e+01  0.000000e+00
   endloop
 endfacet
 facet normal  0.000000e+00  0.000000e+00 -1.000000e+00
   outer loop
     vertex  1.399588e+01 -1.428689e+01  0.000000e+00
     vertex  1.319121e+01 -1.503303e+01  0.000000e+00
     vertex  1.277383e+01 -1.538926e+01  0.000000e+00
   endloop
 endfacet
 facet normal  0.000000e+00  0.000000e+00 -1.000000e+00
   outer loop
     vertex  1.399588e+01 -1.428689e+01  0.000000e+00
     vertex  1.359867e+01 -1.466548e+01  0.000000e+00
     vertex  1.319121e+01 -1.503303e+01  0.000000e+00
   endloop
 endfacet
 facet normal  0.000000e+00  0.000000e+00 -1.000000e+00
   outer loop
     vertex -1.379857e+01  1.447755e+01  0.000000e+00
     vertex -1.457186e+01  1.369894e+01  0.000000e+00
     vertex -1.419056e+01  1.409355e+01  0.000000e+00
   endloop
 endfacet
 facet normal  0.000000e+00  0.000000e+00 -1.000000e+00
   outer loop
     vertex -1.379857e+01  1.447755e+01  0.000000e+00
     vertex -1.494219e+01  1.329402e+01  0.000000e+00
     vertex -1.457186e+01  1.369894e+01  0.000000e+00
   endloop
 endfacet
 facet normal  0.000000e+00  0.000000e+00 -1.000000e+00
   outer loop
     vertex -1.379857e+01  1.447755e+01  0.000000e+00
     vertex -1.530127e+01  1.287909e+01  0.000000e+00
     vertex -1.494219e+01  1.329402e+01  0.000000e+00
   endloop
 endfacet
 facet normal  0.000000e+00  0.000000e+00 -1.000000e+00
   outer loop
     vertex -1.379857e+01  1.447755e+01  0.000000e+00
     vertex -1.564884e+01  1.245447e+01  0.000000e+00
     vertex -1.530127e+01  1.287909e+01  0.000000e+00
   endloop
 endfacet
 facet normal  0.000000e+00  0.000000e+00 -1.000000e+00
   outer loop
     vertex  1.512316e+01 -1.308779e+01  0.000000e+00
     vertex  1.475841e+01 -1.349775e+01  0.000000e+00
     vertex  1.438256e+01 -1.389755e+01  0.000000e+00
   endloop
 endfacet
 facet normal  0.000000e+00  0.000000e+00 -1.000000e+00
   outer loop
     vertex -1.298374e+01  1.521257e+01  0.000000e+00
     vertex -1.379857e+01  1.447755e+01  0.000000e+00
     vertex -1.339620e+01  1.485065e+01  0.000000e+00
   endloop
 endfacet
 facet normal  0.000000e+00  0.000000e+00 -1.000000e+00
   outer loop
     vertex  1.547651e+01 -1.266797e+01  0.000000e+00
     vertex  1.191054e+01 -1.606670e+01  0.000000e+00
     vertex  1.101140e+01 -1.669578e+01  0.000000e+00
   endloop
 endfacet
 facet normal  0.000000e+00  0.000000e+00 -1.000000e+00
   outer loop
     vertex  1.547651e+01 -1.266797e+01  0.000000e+00
     vertex  1.512316e+01 -1.308779e+01  0.000000e+00
     vertex  1.438256e+01 -1.389755e+01  0.000000e+00
   endloop
 endfacet
 facet normal  0.000000e+00  0.000000e+00 -1.000000e+00
   outer loop
     vertex  1.547651e+01 -1.266797e+01  0.000000e+00
     vertex  1.399588e+01 -1.428689e+01  0.000000e+00
     vertex  1.191054e+01 -1.606670e+01  0.000000e+00
   endloop
 endfacet
 facet normal  0.000000e+00  0.000000e+00 -1.000000e+00
   outer loop
     vertex  1.547651e+01 -1.266797e+01  0.000000e+00
     vertex  1.438256e+01 -1.389755e+01  0.000000e+00
     vertex  1.399588e+01 -1.428689e+01  0.000000e+00
   endloop
 endfacet
 facet normal  0.000000e+00  0.000000e+00 -1.000000e+00
   outer loop
     vertex  1.614802e+01 -1.180006e+01  0.000000e+00
     vertex  1.581822e+01 -1.223862e+01  0.000000e+00
     vertex  1.547651e+01 -1.266797e+01  0.000000e+00
   endloop
 endfacet
 facet normal  0.000000e+00  0.000000e+00 -1.000000e+00
   outer loop
     vertex  1.614802e+01 -1.180006e+01  0.000000e+00
     vertex  1.547651e+01 -1.266797e+01  0.000000e+00
     vertex  1.101140e+01 -1.669578e+01  0.000000e+00
   endloop
 endfacet
 facet normal  0.000000e+00  0.000000e+00 -1.000000e+00
   outer loop
     vertex -1.168901e+01  1.622858e+01  0.000000e+00
     vertex -1.256151e+01  1.556304e+01  0.000000e+00
     vertex -1.212983e+01  1.590180e+01  0.000000e+00
   endloop
 endfacet
 facet normal  0.000000e+00  0.000000e+00 -1.000000e+00
   outer loop
     vertex  1.646567e+01 -1.135261e+01  0.000000e+00
     vertex  1.614802e+01 -1.180006e+01  0.000000e+00
     vertex  1.101140e+01 -1.669578e+01  0.000000e+00
   endloop
 endfacet
 facet normal  0.000000e+00  0.000000e+00 -1.000000e+00
   outer loop
     vertex -1.078132e+01  1.684527e+01  0.000000e+00
     vertex -1.564884e+01  1.245447e+01  0.000000e+00
     vertex -1.379857e+01  1.447755e+01  0.000000e+00
   endloop
 endfacet
 facet normal  0.000000e+00  0.000000e+00 -1.000000e+00
   outer loop
     vertex -1.078132e+01  1.684527e+01  0.000000e+00
     vertex -1.379857e+01  1.447755e+01  0.000000e+00
     vertex -1.298374e+01  1.521257e+01  0.000000e+00
   endloop
 endfacet
 facet normal  0.000000e+00  0.000000e+00 -1.000000e+00
   outer loop
     vertex -1.078132e+01  1.684527e+01  0.000000e+00
     vertex -1.168901e+01  1.622858e+01  0.000000e+00
     vertex -1.123940e+01  1.654315e+01  0.000000e+00
   endloop
 endfacet
 facet normal  0.000000e+00  0.000000e+00 -1.000000e+00
   outer loop
     vertex -1.078132e+01  1.684527e+01  0.000000e+00
     vertex -1.256151e+01  1.556304e+01  0.000000e+00
     vertex -1.168901e+01  1.622858e+01  0.000000e+00
   endloop
 endfacet
 facet normal  0.000000e+00  0.000000e+00 -1.000000e+00
   outer loop
     vertex -1.078132e+01  1.684527e+01  0.000000e+00
     vertex -1.298374e+01  1.521257e+01  0.000000e+00
     vertex -1.256151e+01  1.556304e+01  0.000000e+00
   endloop
 endfacet
 facet normal  0.000000e+00  0.000000e+00 -1.000000e+00
   outer loop
     vertex  1.706355e+01 -1.043242e+01  0.000000e+00
     vertex  1.677092e+01 -1.089662e+01  0.000000e+00
     vertex  1.646567e+01 -1.135261e+01  0.000000e+00
   endloop
 endfacet
 facet normal  0.000000e+00  0.000000e+00 -1.000000e+00
   outer loop
     vertex  1.734333e+01 -9.960371e+00  0.000000e+00
     vertex  1.646567e+01 -1.135261e+01  0.000000e+00
     vertex  1.101140e+01 -1.669578e+01  0.000000e+00
   endloop
 endfacet
 facet normal  0.000000e+00  0.000000e+00 -1.000000e+00
   outer loop
     vertex  1.734333e+01 -9.960371e+00  0.000000e+00
     vertex  1.706355e+01 -1.043242e+01  0.000000e+00
     vertex  1.646567e+01 -1.135261e+01  0.000000e+00
   endloop
 endfacet
 facet normal  0.000000e+00  0.000000e+00 -1.000000e+00
   outer loop
     vertex -9.359809e+00  1.767467e+01  0.000000e+00
     vertex -1.031513e+01  1.713470e+01  0.000000e+00
     vertex -9.841174e+00  1.741124e+01  0.000000e+00
   endloop
 endfacet
 facet normal  0.000000e+00  0.000000e+00 -1.000000e+00
   outer loop
     vertex -8.871398e+00  1.792480e+01  0.000000e+00
     vertex -1.078132e+01  1.684527e+01  0.000000e+00
     vertex -1.031513e+01  1.713470e+01  0.000000e+00
   endloop
 endfacet
 facet normal  0.000000e+00  0.000000e+00 -1.000000e+00
   outer loop
     vertex -8.871398e+00  1.792480e+01  0.000000e+00
     vertex -1.031513e+01  1.713470e+01  0.000000e+00
     vertex -9.359809e+00  1.767467e+01  0.000000e+00
   endloop
 endfacet
 facet normal  0.000000e+00  0.000000e+00 -1.000000e+00
   outer loop
     vertex  1.810354e+01 -8.500687e+00  0.000000e+00
     vertex  1.761005e+01 -9.480825e+00  0.000000e+00
     vertex  1.734333e+01 -9.960371e+00  0.000000e+00
   endloop
 endfacet
 facet normal  0.000000e+00  0.000000e+00 -1.000000e+00
   outer loop
     vertex  1.810354e+01 -8.500687e+00  0.000000e+00
     vertex  1.786352e+01 -8.994141e+00  0.000000e+00
     vertex  1.761005e+01 -9.480825e+00  0.000000e+00
   endloop
 endfacet
 facet normal  0.000000e+00  0.000000e+00 -1.000000e+00
   outer loop
     vertex  1.810354e+01 -8.500687e+00  0.000000e+00
     vertex  1.734333e+01 -9.960371e+00  0.000000e+00
     vertex  1.101140e+01 -1.669578e+01  0.000000e+00
   endloop
 endfacet
 facet normal  0.000000e+00  0.000000e+00 -1.000000e+00
   outer loop
     vertex -8.376309e+00  1.816143e+01  0.000000e+00
     vertex -1.078132e+01  1.684527e+01  0.000000e+00
     vertex -8.871398e+00  1.792480e+01  0.000000e+00
   endloop
 endfacet
 facet normal  0.000000e+00  0.000000e+00 -1.000000e+00
   outer loop
     vertex  1.854253e+01 -7.494958e+00  0.000000e+00
     vertex  1.832994e+01 -8.000834e+00  0.000000e+00
     vertex  1.810354e+01 -8.500687e+00  0.000000e+00
   endloop
 endfacet
 facet normal -0.000000e+00  0.000000e+00 -1.000000e+00
   outer loop
     vertex  1.854253e+01 -7.494958e+00  0.000000e+00
     vertex  1.101140e+01 -1.669578e+01  0.000000e+00
     vertex -1.864361e+01 -7.239881e+00  0.000000e+00
   endloop
 endfacet
 facet normal  0.000000e+00  0.000000e+00 -1.000000e+00
   outer loop
     vertex  1.854253e+01 -7.494958e+00  0.000000e+00
     vertex -1.864361e+01 -7.239881e+00  0.000000e+00
     vertex -1.564884e+01  1.245447e+01  0.000000e+00
   endloop
 endfacet
 facet normal  0.000000e+00  0.000000e+00 -1.000000e+00
   outer loop
     vertex  1.854253e+01 -7.494958e+00  0.000000e+00
     vertex  1.810354e+01 -8.500687e+00  0.000000e+00
     vertex  1.101140e+01 -1.669578e+01  0.000000e+00
   endloop
 endfacet
 facet normal  0.000000e+00  0.000000e+00 -1.000000e+00
   outer loop
     vertex -7.367593e+00  1.859351e+01  0.000000e+00
     vertex -1.078132e+01  1.684527e+01  0.000000e+00
     vertex -8.376309e+00  1.816143e+01  0.000000e+00
   endloop
 endfacet
 facet normal  0.000000e+00  0.000000e+00 -1.000000e+00
   outer loop
     vertex -7.367593e+00  1.859351e+01  0.000000e+00
     vertex -8.376309e+00  1.816143e+01  0.000000e+00
     vertex -7.874915e+00  1.838439e+01  0.000000e+00
   endloop
 endfacet
 facet normal  0.000000e+00  0.000000e+00 -1.000000e+00
   outer loop
     vertex  1.909599e+01 -5.945023e+00  0.000000e+00
     vertex  1.874117e+01 -6.983441e+00  0.000000e+00
     vertex  1.854253e+01 -7.494958e+00  0.000000e+00
   endloop
 endfacet
 facet normal  0.000000e+00  0.000000e+00 -1.000000e+00
   outer loop
     vertex  1.909599e+01 -5.945023e+00  0.000000e+00
     vertex  1.892570e+01 -6.466666e+00  0.000000e+00
     vertex  1.874117e+01 -6.983441e+00  0.000000e+00
   endloop
 endfacet
 facet normal  0.000000e+00  0.000000e+00 -1.000000e+00
   outer loop
     vertex  1.939331e+01 -4.888709e+00  0.000000e+00
     vertex  1.925190e+01 -5.418906e+00  0.000000e+00
     vertex  1.909599e+01 -5.945023e+00  0.000000e+00
   endloop
 endfacet
 facet normal  0.000000e+00  0.000000e+00 -1.000000e+00
   outer loop
     vertex  1.939331e+01 -4.888709e+00  0.000000e+00
     vertex  1.909599e+01 -5.945023e+00  0.000000e+00
     vertex  1.854253e+01 -7.494958e+00  0.000000e+00
   endloop
 endfacet
 facet normal  0.000000e+00  0.000000e+00 -1.000000e+00
   outer loop
     vertex -4.755569e+00  1.942639e+01  0.000000e+00
     vertex -5.813898e+00  1.913632e+01  0.000000e+00
     vertex -5.286723e+00  1.928861e+01  0.000000e+00
   endloop
 endfacet
 facet normal  0.000000e+00  0.000000e+00 -1.000000e+00
   outer loop
     vertex  1.963225e+01 -3.817676e+00  0.000000e+00
     vertex  1.952013e+01 -4.354831e+00  0.000000e+00
     vertex  1.939331e+01 -4.888709e+00  0.000000e+00
   endloop
 endfacet
 facet normal  0.000000e+00  0.000000e+00 -1.000000e+00
   outer loop
     vertex -3.682923e+00  1.965798e+01  0.000000e+00
     vertex -5.813898e+00  1.913632e+01  0.000000e+00
     vertex -4.755569e+00  1.942639e+01  0.000000e+00
   endloop
 endfacet
 facet normal  0.000000e+00  0.000000e+00 -1.000000e+00
   outer loop
     vertex -3.682923e+00  1.965798e+01  0.000000e+00
     vertex -4.755569e+00  1.942639e+01  0.000000e+00
     vertex -4.220834e+00  1.954954e+01  0.000000e+00
   endloop
 endfacet
 facet normal  0.000000e+00  0.000000e+00 -1.000000e+00
   outer loop
     vertex -3.682923e+00  1.965798e+01  0.000000e+00
     vertex -6.336696e+00  1.896961e+01  0.000000e+00
     vertex -5.813898e+00  1.913632e+01  0.000000e+00
   endloop
 endfacet
 facet normal  0.000000e+00  0.000000e+00 -1.000000e+00
   outer loop
     vertex  1.972960e+01 -3.277647e+00  0.000000e+00
     vertex  1.963225e+01 -3.817676e+00  0.000000e+00
     vertex  1.939331e+01 -4.888709e+00  0.000000e+00
   endloop
 endfacet
 facet normal  0.000000e+00  0.000000e+00 -1.000000e+00
   outer loop
     vertex  1.972960e+01 -3.277647e+00  0.000000e+00
     vertex  1.939331e+01 -4.888709e+00  0.000000e+00
     vertex  1.854253e+01 -7.494958e+00  0.000000e+00
   endloop
 endfacet
 facet normal  0.000000e+00  0.000000e+00 -1.000000e+00
   outer loop
     vertex -3.142238e+00  1.975162e+01  0.000000e+00
     vertex -6.336696e+00  1.896961e+01  0.000000e+00
     vertex -3.682923e+00  1.965798e+01  0.000000e+00
   endloop
 endfacet
 facet normal  0.000000e+00  0.000000e+00 -1.000000e+00
   outer loop
     vertex -3.142238e+00  1.975162e+01  0.000000e+00
     vertex -6.854725e+00  1.878863e+01  0.000000e+00
     vertex -6.336696e+00  1.896961e+01  0.000000e+00
   endloop
 endfacet
 facet normal  0.000000e+00  0.000000e+00 -1.000000e+00
   outer loop
     vertex -2.599189e+00  1.983039e+01  0.000000e+00
     vertex -6.854725e+00  1.878863e+01  0.000000e+00
     vertex -3.142238e+00  1.975162e+01  0.000000e+00
   endloop
 endfacet
 facet normal  0.000000e+00  0.000000e+00 -1.000000e+00
   outer loop
     vertex  1.987967e+01 -2.190595e+00  0.000000e+00
     vertex  1.981209e+01 -2.735151e+00  0.000000e+00
     vertex  1.972960e+01 -3.277647e+00  0.000000e+00
   endloop
 endfacet
 facet normal  0.000000e+00  0.000000e+00 -1.000000e+00
   outer loop
     vertex  1.987967e+01 -2.190595e+00  0.000000e+00
     vertex  1.972960e+01 -3.277647e+00  0.000000e+00
     vertex  1.854253e+01 -7.494958e+00  0.000000e+00
   endloop
 endfacet
 facet normal  0.000000e+00  0.000000e+00 -1.000000e+00
   outer loop
     vertex -1.507630e+00  1.994310e+01  0.000000e+00
     vertex -6.854725e+00  1.878863e+01  0.000000e+00
     vertex -2.599189e+00  1.983039e+01  0.000000e+00
   endloop
 endfacet
 facet normal  0.000000e+00  0.000000e+00 -1.000000e+00
   outer loop
     vertex -1.507630e+00  1.994310e+01  0.000000e+00
     vertex -2.599189e+00  1.983039e+01  0.000000e+00
     vertex -2.054183e+00  1.989423e+01  0.000000e+00
   endloop
 endfacet
 facet normal  0.000000e+00  0.000000e+00 -1.000000e+00
   outer loop
     vertex -4.115333e-01  1.999577e+01  0.000000e+00
     vertex -1.078132e+01  1.684527e+01  0.000000e+00
     vertex -7.367593e+00  1.859351e+01  0.000000e+00
   endloop
 endfacet
 facet normal  0.000000e+00  0.000000e+00 -1.000000e+00
   outer loop
     vertex -4.115333e-01  1.999577e+01  0.000000e+00
     vertex -6.854725e+00  1.878863e+01  0.000000e+00
     vertex -1.507630e+00  1.994310e+01  0.000000e+00
   endloop
 endfacet
 facet normal  0.000000e+00  0.000000e+00 -1.000000e+00
   outer loop
     vertex -4.115333e-01  1.999577e+01  0.000000e+00
     vertex -1.507630e+00  1.994310e+01  0.000000e+00
     vertex -9.599432e-01  1.997695e+01  0.000000e+00
   endloop
 endfacet
 facet normal  0.000000e+00  0.000000e+00 -1.000000e+00
   outer loop
     vertex -4.115333e-01  1.999577e+01  0.000000e+00
     vertex -7.367593e+00  1.859351e+01  0.000000e+00
     vertex -6.854725e+00  1.878863e+01  0.000000e+00
   endloop
 endfacet
 facet normal  0.000000e+00  0.000000e+00 -1.000000e+00
   outer loop
     vertex  2.000000e+01 -4.898587e-15  0.000000e+00
     vertex  1.987967e+01 -2.190595e+00  0.000000e+00
     vertex  1.854253e+01 -7.494958e+00  0.000000e+00
   endloop
 endfacet
 facet normal  0.000000e+00  0.000000e+00 -1.000000e+00
   outer loop
     vertex  2.000000e+01 -4.898587e-15  0.000000e+00
     vertex  1.993228e+01 -1.644391e+00  0.000000e+00
     vertex  1.987967e+01 -2.190595e+00  0.000000e+00
   endloop
 endfacet
 facet normal  0.000000e+00  0.000000e+00 -1.000000e+00
   outer loop
     vertex  2.000000e+01 -4.898587e-15  0.000000e+00
     vertex  1.996989e+01 -1.096949e+00  0.000000e+00
     vertex  1.993228e+01 -1.644391e+00  0.000000e+00
   endloop
 endfacet
 facet normal  0.000000e+00  0.000000e+00 -1.000000e+00
   outer loop
     vertex  2.000000e+01 -4.898587e-15  0.000000e+00
     vertex  1.999247e+01 -5.486810e-01  0.000000e+00
     vertex  1.996989e+01 -1.096949e+00  0.000000e+00
   endloop
 endfacet
 facet normal  0.000000e+00  0.000000e+00 -1.000000e+00
   outer loop
     vertex  1.371864e-01  1.999953e+01  0.000000e+00
     vertex -1.078132e+01  1.684527e+01  0.000000e+00
     vertex -4.115333e-01  1.999577e+01  0.000000e+00
   endloop
 endfacet
 facet normal  0.000000e+00  0.000000e+00 -1.000000e+00
   outer loop
     vertex  1.371864e-01  1.999953e+01  0.000000e+00
     vertex -1.564884e+01  1.245447e+01  0.000000e+00
     vertex -1.078132e+01  1.684527e+01  0.000000e+00
   endloop
 endfacet
 facet normal  0.000000e+00  0.000000e+00 -1.000000e+00
   outer loop
     vertex  1.233903e+00  1.996190e+01  0.000000e+00
     vertex  1.371864e-01  1.999953e+01  0.000000e+00
     vertex  6.858028e-01  1.998824e+01  0.000000e+00
   endloop
 endfacet
 facet normal -0.000000e+00  0.000000e+00 -1.000000e+00
   outer loop
     vertex  1.233903e+00  1.996190e+01  0.000000e+00
     vertex -1.564884e+01  1.245447e+01  0.000000e+00
     vertex  1.371864e-01  1.999953e+01  0.000000e+00
   endloop
 endfacet
 facet normal  0.000000e+00  0.000000e+00 -1.000000e+00
   outer loop
     vertex  1.993228e+01  1.644391e+00  0.000000e+00
     vertex  1.999247e+01  5.486810e-01  0.000000e+00
     vertex  2.000000e+01 -4.898587e-15  0.000000e+00
   endloop
 endfacet
 facet normal  0.000000e+00  0.000000e+00 -1.000000e+00
   outer loop
     vertex  1.993228e+01  1.644391e+00  0.000000e+00
     vertex  1.996989e+01  1.096949e+00  0.000000e+00
     vertex  1.999247e+01  5.486810e-01  0.000000e+00
   endloop
 endfacet
 facet normal  0.000000e+00  0.000000e+00 -1.000000e+00
   outer loop
     vertex  1.987967e+01  2.190595e+00  0.000000e+00
     vertex  1.993228e+01  1.644391e+00  0.000000e+00
     vertex  2.000000e+01 -4.898587e-15  0.000000e+00
   endloop
 endfacet
 facet normal  0.000000e+00  0.000000e+00 -1.000000e+00
   outer loop
     vertex  1.981209e+01  2.735151e+00  0.000000e+00
     vertex  1.987967e+01  2.190595e+00  0.000000e+00
     vertex  2.000000e+01 -4.898587e-15  0.000000e+00
   endloop
 endfacet
 facet normal  0.000000e+00  0.000000e+00 -1.000000e+00
   outer loop
     vertex  3.412902e+00  1.970665e+01  0.000000e+00
     vertex  2.326905e+00  1.986418e+01  0.000000e+00
     vertex  2.870984e+00  1.979286e+01  0.000000e+00
   endloop
 endfacet
 facet normal  0.000000e+00  0.000000e+00 -1.000000e+00
   outer loop
     vertex  1.952013e+01  4.354831e+00  0.000000e+00
     vertex  1.963225e+01  3.817676e+00  0.000000e+00
     vertex  1.972960e+01  3.277647e+00  0.000000e+00
   endloop
 endfacet
 facet normal  0.000000e+00  0.000000e+00 -1.000000e+00
   outer loop
     vertex  4.488624e+00  1.948980e+01  0.000000e+00
     vertex  3.412902e+00  1.970665e+01  0.000000e+00
     vertex  3.952250e+00  1.960560e+01  0.000000e+00
   endloop
 endfacet
 facet normal  0.000000e+00  0.000000e+00 -1.000000e+00
   outer loop
     vertex  4.488624e+00  1.948980e+01  0.000000e+00
     vertex  1.781074e+00  1.992054e+01  0.000000e+00
     vertex  2.326905e+00  1.986418e+01  0.000000e+00
   endloop
 endfacet
 facet normal  0.000000e+00  0.000000e+00 -1.000000e+00
   outer loop
     vertex  4.488624e+00  1.948980e+01  0.000000e+00
     vertex  1.233903e+00  1.996190e+01  0.000000e+00
     vertex  1.781074e+00  1.992054e+01  0.000000e+00
   endloop
 endfacet
 facet normal  0.000000e+00  0.000000e+00 -1.000000e+00
   outer loop
     vertex  4.488624e+00  1.948980e+01  0.000000e+00
     vertex  2.326905e+00  1.986418e+01  0.000000e+00
     vertex  3.412902e+00  1.970665e+01  0.000000e+00
   endloop
 endfacet
 facet normal  0.000000e+00  0.000000e+00 -1.000000e+00
   outer loop
     vertex  1.909599e+01  5.945023e+00  0.000000e+00
     vertex  1.939331e+01  4.888709e+00  0.000000e+00
     vertex  1.952013e+01  4.354831e+00  0.000000e+00
   endloop
 endfacet
 facet normal  0.000000e+00  0.000000e+00 -1.000000e+00
   outer loop
     vertex  1.909599e+01  5.945023e+00  0.000000e+00
     vertex  1.925190e+01  5.418906e+00  0.000000e+00
     vertex  1.939331e+01  4.888709e+00  0.000000e+00
   endloop
 endfacet
 facet normal  0.000000e+00  0.000000e+00 -1.000000e+00
   outer loop
     vertex  6.075869e+00  1.905476e+01  0.000000e+00
     vertex  5.021618e+00  1.935932e+01  0.000000e+00
     vertex  5.550833e+00  1.921427e+01  0.000000e+00
   endloop
 endfacet
 facet normal  0.000000e+00  0.000000e+00 -1.000000e+00
   outer loop
     vertex  6.075869e+00  1.905476e+01  0.000000e+00
     vertex  4.488624e+00  1.948980e+01  0.000000e+00
     vertex  5.021618e+00  1.935932e+01  0.000000e+00
   endloop
 endfacet
 facet normal  0.000000e+00  0.000000e+00 -1.000000e+00
   outer loop
     vertex  7.111828e+00  1.869283e+01  0.000000e+00
     vertex  4.488624e+00  1.948980e+01  0.000000e+00
     vertex  6.075869e+00  1.905476e+01  0.000000e+00
   endloop
 endfacet
 facet normal  0.000000e+00  0.000000e+00 -1.000000e+00
   outer loop
     vertex  7.111828e+00  1.869283e+01  0.000000e+00
     vertex  6.075869e+00  1.905476e+01  0.000000e+00
     vertex  6.596331e+00  1.888090e+01  0.000000e+00
   endloop
 endfacet
 facet normal  0.000000e+00  0.000000e+00 -1.000000e+00
   outer loop
     vertex  1.854253e+01  7.494958e+00  0.000000e+00
     vertex  1.874117e+01  6.983441e+00  0.000000e+00
     vertex  1.892570e+01  6.466666e+00  0.000000e+00
   endloop
 endfacet
 facet normal  0.000000e+00  0.000000e+00 -1.000000e+00
   outer loop
     vertex  7.621971e+00  1.849069e+01  0.000000e+00
     vertex  4.488624e+00  1.948980e+01  0.000000e+00
     vertex  7.111828e+00  1.869283e+01  0.000000e+00
   endloop
 endfacet
 facet normal  0.000000e+00  0.000000e+00 -1.000000e+00
   outer loop
     vertex  1.832994e+01  8.000834e+00  0.000000e+00
     vertex  1.972960e+01  3.277647e+00  0.000000e+00
     vertex  1.981209e+01  2.735151e+00  0.000000e+00
   endloop
 endfacet
 facet normal  0.000000e+00  0.000000e+00 -1.000000e+00
   outer loop
     vertex  1.832994e+01  8.000834e+00  0.000000e+00
     vertex  1.892570e+01  6.466666e+00  0.000000e+00
     vertex  1.909599e+01  5.945023e+00  0.000000e+00
   endloop
 endfacet
 facet normal  0.000000e+00  0.000000e+00 -1.000000e+00
   outer loop
     vertex  1.832994e+01  8.000834e+00  0.000000e+00
     vertex  1.854253e+01  7.494958e+00  0.000000e+00
     vertex  1.892570e+01  6.466666e+00  0.000000e+00
   endloop
 endfacet
 facet normal  0.000000e+00  0.000000e+00 -1.000000e+00
   outer loop
     vertex  1.832994e+01  8.000834e+00  0.000000e+00
     vertex  1.909599e+01  5.945023e+00  0.000000e+00
     vertex  1.952013e+01  4.354831e+00  0.000000e+00
   endloop
 endfacet
 facet normal  0.000000e+00  0.000000e+00 -1.000000e+00
   outer loop
     vertex  1.832994e+01  8.000834e+00  0.000000e+00
     vertex  1.952013e+01  4.354831e+00  0.000000e+00
     vertex  1.972960e+01  3.277647e+00  0.000000e+00
   endloop
 endfacet
 facet normal  0.000000e+00  0.000000e+00 -1.000000e+00
   outer loop
     vertex  8.126377e+00  1.827463e+01  0.000000e+00
     vertex  4.488624e+00  1.948980e+01  0.000000e+00
     vertex  7.621971e+00  1.849069e+01  0.000000e+00
   endloop
 endfacet
 facet normal  0.000000e+00  0.000000e+00 -1.000000e+00
   outer loop
     vertex  1.810354e+01  8.500687e+00  0.000000e+00
     vertex  1.832994e+01  8.000834e+00  0.000000e+00
     vertex  1.981209e+01  2.735151e+00  0.000000e+00
   endloop
 endfacet
 facet normal  0.000000e+00  0.000000e+00 -1.000000e+00
   outer loop
     vertex  1.810354e+01  8.500687e+00  0.000000e+00
     vertex  1.981209e+01  2.735151e+00  0.000000e+00
     vertex  2.000000e+01 -4.898587e-15  0.000000e+00
   endloop
 endfacet
 facet normal  0.000000e+00  0.000000e+00 -1.000000e+00
   outer loop
     vertex  8.624665e+00  1.804481e+01  0.000000e+00
     vertex  4.488624e+00  1.948980e+01  0.000000e+00
     vertex  8.126377e+00  1.827463e+01  0.000000e+00
   endloop
 endfacet
 facet normal  0.000000e+00  0.000000e+00 -1.000000e+00
   outer loop
     vertex  1.761005e+01  9.480825e+00  0.000000e+00
     vertex  1.786352e+01  8.994141e+00  0.000000e+00
     vertex  1.810354e+01  8.500687e+00  0.000000e+00
   endloop
 endfacet
 facet normal  0.000000e+00  0.000000e+00 -1.000000e+00
   outer loop
     vertex  9.601395e+00  1.754461e+01  0.000000e+00
     vertex  8.624665e+00  1.804481e+01  0.000000e+00
     vertex  9.116461e+00  1.780141e+01  0.000000e+00
   endloop
 endfacet
 facet normal  0.000000e+00  0.000000e+00 -1.000000e+00
   outer loop
     vertex  1.734333e+01  9.960371e+00  0.000000e+00
     vertex  1.761005e+01  9.480825e+00  0.000000e+00
     vertex  1.810354e+01  8.500687e+00  0.000000e+00
   endloop
 endfacet
 facet normal  0.000000e+00  0.000000e+00 -1.000000e+00
   outer loop
     vertex  1.734333e+01  9.960371e+00  0.000000e+00
     vertex  1.810354e+01  8.500687e+00  0.000000e+00
     vertex  2.000000e+01 -4.898587e-15  0.000000e+00
   endloop
 endfacet
 facet normal  0.000000e+00  0.000000e+00 -1.000000e+00
   outer loop
     vertex  1.007910e+01  1.727460e+01  0.000000e+00
     vertex  8.624665e+00  1.804481e+01  0.000000e+00
     vertex  9.601395e+00  1.754461e+01  0.000000e+00
   endloop
 endfacet
 facet normal  0.000000e+00  0.000000e+00 -1.000000e+00
   outer loop
     vertex  1.054922e+01  1.699159e+01  0.000000e+00
     vertex  4.488624e+00  1.948980e+01  0.000000e+00
     vertex  8.624665e+00  1.804481e+01  0.000000e+00
   endloop
 endfacet
 facet normal  0.000000e+00  0.000000e+00 -1.000000e+00
   outer loop
     vertex  1.054922e+01  1.699159e+01  0.000000e+00
     vertex  8.624665e+00  1.804481e+01  0.000000e+00
     vertex  1.007910e+01  1.727460e+01  0.000000e+00
   endloop
 endfacet
 facet normal  0.000000e+00  0.000000e+00 -1.000000e+00
   outer loop
     vertex  1.101140e+01  1.669578e+01  0.000000e+00
     vertex  1.233903e+00  1.996190e+01  0.000000e+00
     vertex  4.488624e+00  1.948980e+01  0.000000e+00
   endloop
 endfacet
 facet normal  0.000000e+00  0.000000e+00 -1.000000e+00
   outer loop
     vertex  1.101140e+01  1.669578e+01  0.000000e+00
     vertex  4.488624e+00  1.948980e+01  0.000000e+00
     vertex  1.054922e+01  1.699159e+01  0.000000e+00
   endloop
 endfacet
 facet normal  0.000000e+00  0.000000e+00 -1.000000e+00
   outer loop
     vertex  1.191054e+01  1.606670e+01  0.000000e+00
     vertex  1.101140e+01  1.669578e+01  0.000000e+00
     vertex  1.146528e+01  1.638741e+01  0.000000e+00
   endloop
 endfacet
 facet normal  0.000000e+00  0.000000e+00 -1.000000e+00
   outer loop
     vertex  1.581822e+01  1.223862e+01  0.000000e+00
     vertex  1.706355e+01  1.043242e+01  0.000000e+00
     vertex  1.734333e+01  9.960371e+00  0.000000e+00
   endloop
 endfacet
 facet normal  0.000000e+00  0.000000e+00 -1.000000e+00
   outer loop
     vertex  1.581822e+01  1.223862e+01  0.000000e+00
     vertex  1.677092e+01  1.089662e+01  0.000000e+00
     vertex  1.706355e+01  1.043242e+01  0.000000e+00
   endloop
 endfacet
 facet normal  0.000000e+00  0.000000e+00 -1.000000e+00
   outer loop
     vertex  1.581822e+01  1.223862e+01  0.000000e+00
     vertex  1.646567e+01  1.135261e+01  0.000000e+00
     vertex  1.677092e+01  1.089662e+01  0.000000e+00
   endloop
 endfacet
 facet normal  0.000000e+00  0.000000e+00 -1.000000e+00
   outer loop
     vertex  1.581822e+01  1.223862e+01  0.000000e+00
     vertex  1.614802e+01  1.180006e+01  0.000000e+00
     vertex  1.646567e+01  1.135261e+01  0.000000e+00
   endloop
 endfacet
 facet normal  0.000000e+00  0.000000e+00 -1.000000e+00
   outer loop
     vertex  1.581822e+01  1.223862e+01  0.000000e+00
     vertex  1.734333e+01  9.960371e+00  0.000000e+00
     vertex  2.000000e+01 -4.898587e-15  0.000000e+00
   endloop
 endfacet
 facet normal  0.000000e+00  0.000000e+00 -1.000000e+00
   outer loop
     vertex  1.581822e+01  1.223862e+01  0.000000e+00
     vertex  2.000000e+01 -4.898587e-15  0.000000e+00
     vertex  1.854253e+01 -7.494958e+00  0.000000e+00
   endloop
 endfacet
 facet normal  0.000000e+00  0.000000e+00 -1.000000e+00
   outer loop
     vertex  1.277383e+01  1.538926e+01  0.000000e+00
     vertex  1.191054e+01  1.606670e+01  0.000000e+00
     vertex  1.234683e+01  1.573390e+01  0.000000e+00
   endloop
 endfacet
 facet normal  0.000000e+00  0.000000e+00 -1.000000e+00
   outer loop
     vertex  1.475841e+01  1.349775e+01  0.000000e+00
     vertex  1.512316e+01  1.308779e+01  0.000000e+00
     vertex  1.547651e+01  1.266797e+01  0.000000e+00
   endloop
 endfacet
 facet normal  0.000000e+00  0.000000e+00 -1.000000e+00
   outer loop
     vertex  1.359867e+01  1.466548e+01  0.000000e+00
     vertex  1.277383e+01  1.538926e+01  0.000000e+00
     vertex  1.319121e+01  1.503303e+01  0.000000e+00
   endloop
 endfacet
 facet normal  0.000000e+00  0.000000e+00 -1.000000e+00
   outer loop
     vertex  1.359867e+01  1.466548e+01  0.000000e+00
     vertex  1.191054e+01  1.606670e+01  0.000000e+00
     vertex  1.277383e+01  1.538926e+01  0.000000e+00
   endloop
 endfacet
 facet normal  0.000000e+00 -0.000000e+00 -1.000000e+00
   outer loop
     vertex  1.399588e+01  1.428689e+01  0.000000e+00
     vertex  1.854253e+01 -7.494958e+00  0.000000e+00
     vertex -1.564884e+01  1.245447e+01  0.000000e+00
   endloop
 endfacet
 facet normal  0.000000e+00  0.000000e+00 -1.000000e+00
   outer loop
     vertex  1.399588e+01  1.428689e+01  0.000000e+00
     vertex  1.547651e+01  1.266797e+01  0.000000e+00
     vertex  1.581822e+01  1.223862e+01  0.000000e+00
   endloop
 endfacet
 facet normal  0.000000e+00  0.000000e+00 -1.000000e+00
   outer loop
     vertex  1.399588e+01  1.428689e+01  0.000000e+00
     vertex  1.438256e+01  1.389755e+01  0.000000e+00
     vertex  1.475841e+01  1.349775e+01  0.000000e+00
   endloop
 endfacet
 facet normal  0.000000e+00  0.000000e+00 -1.000000e+00
   outer loop
     vertex  1.399588e+01  1.428689e+01  0.000000e+00
     vertex  1.233903e+00  1.996190e+01  0.000000e+00
     vertex  1.101140e+01  1.669578e+01  0.000000e+00
   endloop
 endfacet
 facet normal  0.000000e+00  0.000000e+00 -1.000000e+00
   outer loop
     vertex  1.399588e+01  1.428689e+01  0.000000e+00
     vertex  1.101140e+01  1.669578e+01  0.000000e+00
     vertex  1.191054e+01  1.606670e+01  0.000000e+00
   endloop
 endfacet
 facet normal  0.000000e+00  0.000000e+00 -1.000000e+00
   outer loop
     vertex  1.399588e+01  1.428689e+01  0.000000e+00
     vertex  1.581822e+01  1.223862e+01  0.000000e+00
     vertex  1.854253e+01 -7.494958e+00  0.000000e+00
   endloop
 endfacet
 facet normal  0.000000e+00  0.000000e+00 -1.000000e+00
   outer loop
     vertex  1.399588e+01  1.428689e+01  0.000000e+00
     vertex  1.475841e+01  1.349775e+01  0.000000e+00
     vertex  1.547651e+01  1.266797e+01  0.000000e+00
   endloop
 endfacet
 facet normal  0.000000e+00  0.000000e+00 -1.000000e+00
   outer loop
     vertex  1.399588e+01  1.428689e+01  0.000000e+00
     vertex  1.191054e+01  1.606670e+01  0.000000e+00
     vertex  1.359867e+01  1.466548e+01  0.000000e+00
   endloop
 endfacet
 facet normal -0.000000e+00  0.000000e+00 -1.000000e+00
   outer loop
     vertex  1.399588e+01  1.428689e+01  0.000000e+00
     vertex -1.564884e+01  1.245447e+01  0.000000e+00
     vertex  1.233903e+00  1.996190e+01  0.000000e+00
   endloop
 endfacet
endsolid
